,DP_splits,DP_moms_splits,cdcl_splits,cdcl_moms_splits,cdcl_chron_splits,cdcl_chron_moms_splits,sudoku_given_clauses,DP_list_sat_clauses,DP_moms_list_sat_clauses,cdcl_list_sat_clauses,cdcl_moms_list_sat_clauses,cdcl_chron_list_sat_clauses,cdcl_chron_moms_list_sat_clauses
0,0,0,0,0,0,0,6,[65],[65],[67],[67],[67],[67]
1,0,0,0,0,0,0,6,[58],[58],[59],[59],[59],[59]
2,0,0,0,0,0,0,6,[64],[64],[66],[66],[66],[66]
3,0,0,0,0,0,0,4,[65],[65],[67],[67],[67],[67]
4,4,6,3,2,4,2,6,"[231, 2, 9, 33, 141]","[231, 34, 10, 88, 11, 1, 36]","[231, 3, 10, 35, 31]","[231, 37, 44]","[231, 3, 10, 35, 33]","[231, 37, 44]"
5,0,0,0,0,0,0,4,[211],[211],[214],[214],[214],[214]
6,14,6,8,2,12,2,4,"[82, 34, 17, 97, 13, 63, 27, 143, 9, 15, 15, 179, 62, 143, 56]","[82, 65, 12, 138, 11, 85, 207]","[82, 35, 18, 30, 14, 63, 57, 30, 24, 120, 39, 84]","[82, 67, 75]","[82, 35, 18, 30, 14, 63, 57, 16, 25, 73, 64, 39, 37]","[82, 67, 75]"
7,0,0,0,0,0,0,4,[70],[70],[72],[72],[72],[72]
8,0,0,0,0,0,0,6,[60],[60],[62],[62],[62],[62]
9,0,0,0,0,0,0,6,[70],[70],[72],[72],[72],[72]
10,0,0,0,0,0,0,6,[83],[83],[85],[85],[85],[85]
11,0,0,0,0,0,0,6,[61],[61],[63],[63],[63],[63]
12,0,0,0,0,0,0,6,[65],[65],[67],[67],[67],[67]
13,0,0,0,0,0,0,4,[70],[70],[72],[72],[72],[72]
14,2,6,2,2,2,2,4,"[175, 13, 131]","[175, 50, 10, 149, 11, 57, 43]","[175, 14, 17]","[175, 52, 59]","[175, 14, 17]","[175, 52, 59]"
15,0,0,0,0,0,0,6,[65],[65],[67],[67],[67],[67]
16,0,0,0,0,0,0,4,[65],[65],[67],[67],[67],[67]
17,0,0,0,0,0,0,4,[175],[175],[179],[179],[179],[179]
18,0,0,0,0,0,0,6,[69],[69],[71],[71],[71],[71]
19,0,0,0,0,0,0,4,[70],[70],[72],[72],[72],[72]
20,0,0,0,0,0,0,6,[65],[65],[67],[67],[67],[67]
21,0,0,0,0,0,0,4,[60],[60],[62],[62],[62],[62]
22,0,0,0,0,0,0,4,[60],[60],[62],[62],[62],[62]
23,0,0,0,0,0,0,4,[83],[83],[85],[85],[85],[85]
24,0,0,0,0,0,0,4,[83],[83],[84],[84],[84],[84]
25,0,0,0,0,0,0,6,[59],[59],[60],[60],[60],[60]
26,0,0,0,0,0,0,6,[69],[69],[71],[71],[71],[71]
27,0,0,0,0,0,0,6,[69],[69],[71],[71],[71],[71]
28,0,0,0,0,0,0,4,[155],[155],[156],[156],[156],[156]
29,8,8,5,6,8,10,4,"[121, 67, 17, 82, 13, 58, 9, 93, 67]","[121, 70, 10, 133, 11, 141, 70, 28, 78]","[121, 68, 18, 58, 32, 5, 42, 42, 64]","[121, 74, 11, 23, 29, 94, 43, 6, 53, 50, 80]","[121, 68, 18, 58, 14, 5, 10, 42, 41]","[121, 74, 11, 23, 18, 94, 14, 6, 10, 50, 39]"
30,0,0,0,0,0,0,4,[83],[83],[85],[85],[85],[85]
31,0,0,0,0,0,0,4,[57],[57],[58],[58],[58],[58]
32,0,0,0,0,0,0,4,[83],[83],[85],[85],[85],[85]
33,0,0,0,0,0,0,6,[185],[185],[187],[187],[187],[187]
34,0,0,0,0,0,0,6,[65],[65],[67],[67],[67],[67]
35,10,16,6,9,8,10,4,"[112, 63, 15, 135, 9, 58, 17, 222, 64, 31, 65]","[112, 95, 12, 163, 9, 77, 52, 8, 19, 10, 75, 80, 70, 96, 10, 53, 113]","[112, 63, 16, 37, 24, 27, 69, 37, 126]","[112, 96, 13, 61, 16, 13, 56, 28, 93, 38, 63, 67, 36, 127]","[112, 63, 16, 19, 24, 46, 69, 37, 36]","[112, 96, 13, 61, 16, 19, 24, 46, 67, 35, 35]"
36,0,0,0,0,0,0,6,[61],[61],[63],[63],[63],[63]
37,0,0,0,0,0,0,4,[61],[61],[63],[63],[63],[63]
38,0,0,0,0,0,0,4,[64],[64],[66],[66],[66],[66]
39,0,0,0,0,0,0,6,[65],[65],[67],[67],[67],[67]
40,0,0,0,0,0,0,4,[70],[70],[72],[72],[72],[72]
41,0,0,0,0,0,0,4,[200],[200],[205],[205],[205],[205]
42,0,0,0,0,0,0,4,[140],[140],[142],[142],[142],[142]
43,0,0,0,0,0,0,6,[70],[70],[72],[72],[72],[72]
44,0,0,0,0,0,0,4,[61],[61],[63],[63],[63],[63]
45,0,0,0,0,0,0,6,[65],[65],[67],[67],[67],[67]
46,0,0,0,0,0,0,4,[65],[65],[67],[67],[67],[67]
47,0,0,0,0,0,0,4,[60],[60],[62],[62],[62],[62]
48,0,0,0,0,0,0,6,[209],[209],[213],[213],[213],[213]
49,10,16,6,9,8,10,4,"[112, 63, 15, 135, 9, 58, 17, 222, 64, 31, 65]","[112, 95, 12, 163, 9, 77, 52, 8, 19, 10, 75, 80, 70, 96, 10, 53, 113]","[112, 63, 16, 37, 24, 27, 69, 37, 126]","[112, 96, 13, 61, 16, 13, 56, 28, 93, 38, 63, 67, 36, 127]","[112, 63, 16, 19, 24, 46, 69, 37, 36]","[112, 96, 13, 61, 16, 19, 24, 46, 67, 35, 35]"
50,0,0,0,0,0,0,4,[65],[65],[67],[67],[67],[67]
51,0,0,0,0,0,0,4,[61],[61],[63],[63],[63],[63]
52,0,0,0,0,0,0,4,[65],[65],[67],[67],[67],[67]
53,0,0,0,0,0,0,4,[54],[54],[55],[55],[55],[55]
54,0,0,0,0,0,0,6,[140],[140],[142],[142],[142],[142]
55,0,0,0,0,0,0,6,[141],[141],[143],[143],[143],[143]
56,0,0,0,0,0,0,6,[65],[65],[67],[67],[67],[67]
57,0,0,0,0,0,0,6,[83],[83],[85],[85],[85],[85]
58,4,2,3,2,4,2,6,"[178, 50, 18, 172, 22]","[178, 11, 39]","[178, 52, 19, 55, 39]","[178, 12, 10]","[178, 52, 19, 55, 35]","[178, 12, 10]"
59,12,10,8,6,12,8,4,"[99, 26, 13, 63, 13, 131, 9, 76, 17, 174, 62, 37, 91]","[99, 77, 12, 115, 11, 82, 68, 128, 10, 45, 76]","[99, 27, 14, 63, 14, 14, 43, 24, 3, 43, 112, 106, 38, 130]","[99, 80, 30, 27, 14, 24, 114, 59, 92]","[99, 27, 14, 63, 14, 19, 9, 15, 19, 78, 64, 38, 37]","[99, 80, 30, 27, 14, 24, 70, 59, 36]"
60,0,0,0,0,0,0,6,[65],[65],[67],[67],[67],[67]
61,0,0,0,0,0,0,6,[65],[65],[67],[67],[67],[67]
62,0,0,0,0,0,0,6,[65],[65],[67],[67],[67],[67]
63,0,0,0,0,0,0,6,[74],[74],[75],[75],[75],[75]
64,0,0,0,0,0,0,6,[61],[61],[63],[63],[63],[63]
65,0,0,0,0,0,0,6,[65],[65],[67],[67],[67],[67]
66,0,0,0,0,0,0,6,[83],[83],[84],[84],[84],[84]
67,0,0,0,0,0,0,6,[60],[60],[62],[62],[62],[62]
68,0,0,0,0,0,0,4,[57],[57],[58],[58],[58],[58]
69,0,0,0,0,0,0,4,[190],[190],[195],[195],[195],[195]
70,0,0,0,0,0,0,4,[64],[64],[66],[66],[66],[66]
71,0,0,0,0,0,0,6,[69],[69],[71],[71],[71],[71]
72,10,16,6,9,8,10,4,"[112, 63, 15, 135, 9, 58, 17, 222, 64, 31, 65]","[112, 95, 12, 163, 9, 77, 52, 8, 19, 10, 75, 80, 70, 96, 10, 53, 113]","[112, 63, 16, 37, 24, 27, 69, 37, 126]","[112, 96, 13, 61, 16, 13, 56, 28, 93, 38, 63, 67, 36, 127]","[112, 63, 16, 19, 24, 46, 69, 37, 36]","[112, 96, 13, 61, 16, 19, 24, 46, 67, 35, 35]"
73,0,0,0,0,0,0,4,[65],[65],[67],[67],[67],[67]
74,0,0,0,0,0,0,6,[60],[60],[62],[62],[62],[62]
75,0,0,0,0,0,0,6,[154],[154],[155],[155],[155],[155]
76,6,8,4,5,6,8,4,"[176, 14, 15, 120, 11, 26, 124]","[176, 54, 10, 79, 9, 178, 121, 22, 18]","[176, 15, 16, 6, 28, 37, 46]","[176, 58, 11, 3, 27, 92, 39, 43, 61]","[176, 15, 16, 6, 12, 37, 36]","[176, 58, 11, 3, 16, 92, 12, 43, 34]"
77,0,0,0,0,0,0,4,[65],[65],[67],[67],[67],[67]
78,0,0,0,0,0,0,6,[225],[225],[230],[230],[230],[230]
79,0,0,0,0,0,0,4,[70],[70],[72],[72],[72],[72]
80,6,8,4,5,6,8,4,"[176, 14, 15, 120, 11, 26, 124]","[176, 54, 10, 79, 9, 178, 121, 22, 18]","[176, 15, 16, 6, 28, 37, 46]","[176, 58, 11, 3, 27, 92, 39, 43, 61]","[176, 15, 16, 6, 12, 37, 36]","[176, 58, 11, 3, 16, 92, 12, 43, 34]"
81,0,0,0,0,0,0,4,[65],[65],[67],[67],[67],[67]
82,0,0,0,0,0,0,6,[197],[197],[199],[199],[199],[199]
83,0,0,0,0,0,0,4,[83],[83],[85],[85],[85],[85]
84,0,0,0,0,0,0,6,[69],[69],[71],[71],[71],[71]
85,0,0,0,0,0,0,4,[61],[61],[63],[63],[63],[63]
86,0,0,0,0,0,0,6,[209],[209],[213],[213],[213],[213]
87,0,0,0,0,0,0,6,[61],[61],[62],[62],[62],[62]
88,0,0,0,0,0,0,6,[69],[69],[71],[71],[71],[71]
89,0,0,0,0,0,0,6,[236],[236],[241],[241],[241],[241]
90,0,0,0,0,0,0,4,[65],[65],[67],[67],[67],[67]
91,0,0,0,0,0,0,4,[83],[83],[85],[85],[85],[85]
92,0,0,0,0,0,0,4,[219],[219],[222],[222],[222],[222]
93,0,0,0,0,0,0,6,[59],[59],[60],[60],[60],[60]
94,0,0,0,0,0,0,6,[60],[60],[62],[62],[62],[62]
95,0,0,0,0,0,0,4,[69],[69],[71],[71],[71],[71]
96,0,0,0,0,0,0,4,[51],[51],[52],[52],[52],[52]
97,0,0,0,0,0,0,6,[69],[69],[71],[71],[71],[71]
98,6,8,4,4,6,6,4,"[176, 12, 15, 116, 9, 101, 139]","[176, 49, 10, 74, 11, 122, 120, 22, 52]","[176, 13, 16, 6, 26, 38, 45]","[176, 53, 26, 5, 36, 44, 68]","[176, 13, 16, 6, 10, 38, 37]","[176, 53, 26, 5, 10, 44, 35]"
99,0,0,0,0,0,0,4,[219],[219],[222],[222],[222],[222]
100,0,0,0,0,0,0,6,[70],[70],[72],[72],[72],[72]
101,0,0,0,0,0,0,6,[83],[83],[85],[85],[85],[85]
102,0,0,0,0,0,0,6,[69],[69],[71],[71],[71],[71]
103,0,0,0,0,0,0,4,[70],[70],[72],[72],[72],[72]
104,0,0,0,0,0,0,4,[70],[70],[72],[72],[72],[72]
105,0,0,0,0,0,0,4,[83],[83],[85],[85],[85],[85]
106,0,0,0,0,0,0,4,[57],[57],[58],[58],[58],[58]
107,0,0,0,0,0,0,6,[70],[70],[72],[72],[72],[72]
108,0,0,0,0,0,0,6,[83],[83],[84],[84],[84],[84]
109,4,8,3,4,4,6,4,"[120, 68, 17, 83, 64]","[120, 71, 10, 133, 11, 141, 70, 28, 79]","[120, 69, 18, 59, 11]","[120, 75, 11, 24, 29, 88, 23]","[120, 69, 18, 59, 16]","[120, 75, 11, 24, 18, 88, 9]"
110,0,0,0,0,0,0,6,[83],[83],[85],[85],[85],[85]
111,0,0,0,0,0,0,4,[200],[200],[204],[204],[204],[204]
112,0,0,0,0,0,0,4,[70],[70],[72],[72],[72],[72]
113,0,0,0,0,0,0,4,[74],[74],[75],[75],[75],[75]
114,0,0,0,0,0,0,4,[69],[69],[71],[71],[71],[71]
115,0,0,0,0,0,0,6,[151],[151],[153],[153],[153],[153]
116,0,0,0,0,0,0,6,[70],[70],[72],[72],[72],[72]
117,4,18,3,4,4,6,4,"[121, 67, 17, 83, 64]","[121, 56, 10, 108, 37, 8, 82, 8, 36, 156, 11, 77, 70, 8, 16, 46, 70, 37, 34]","[121, 68, 18, 58, 11]","[121, 57, 11, 68, 29, 58, 23]","[121, 68, 18, 58, 16]","[121, 57, 11, 68, 18, 58, 16]"
118,0,0,0,0,0,0,4,[230],[230],[235],[235],[235],[235]
119,0,0,0,0,0,0,6,[144],[144],[147],[147],[147],[147]
120,10,10,6,6,8,8,4,"[99, 34, 17, 191, 13, 110, 9, 20, 62, 105, 49]","[99, 76, 12, 115, 11, 82, 68, 92, 10, 45, 61]","[99, 35, 18, 30, 14, 24, 104, 38, 123]","[99, 79, 30, 30, 14, 24, 114, 59, 146]","[99, 35, 18, 30, 14, 24, 72, 38, 37]","[99, 79, 30, 30, 14, 24, 70, 59, 36]"
121,0,0,0,0,0,0,4,[148],[148],[151],[151],[151],[151]
122,0,0,0,0,0,0,4,[148],[148],[151],[151],[151],[151]
123,0,0,0,0,0,0,4,[69],[69],[71],[71],[71],[71]
124,0,0,0,0,0,0,6,[222],[222],[225],[225],[225],[225]
125,0,0,0,0,0,0,4,[65],[65],[67],[67],[67],[67]
126,0,0,0,0,0,0,6,[64],[64],[66],[66],[66],[66]
127,0,0,0,0,0,0,6,[65],[65],[67],[67],[67],[67]
128,0,0,0,0,0,0,4,[190],[190],[195],[195],[195],[195]
129,0,0,0,0,0,0,4,[65],[65],[67],[67],[67],[67]
130,0,0,0,0,0,0,6,[209],[209],[213],[213],[213],[213]
131,0,0,0,0,0,0,4,[70],[70],[72],[72],[72],[72]
132,0,0,0,0,0,0,6,[185],[185],[187],[187],[187],[187]
133,0,0,0,0,0,0,6,[70],[70],[72],[72],[72],[72]
134,0,0,0,0,0,0,6,[65],[65],[67],[67],[67],[67]
135,0,0,0,0,0,0,6,[64],[64],[66],[66],[66],[66]
136,2,6,2,6,2,6,4,"[176, 37, 46]","[176, 98, 31, 60, 98, 81, 31]","[176, 38, 47]","[176, 98, 32, 40, 98, 31, 45]","[176, 38, 47]","[176, 98, 32, 40, 98, 31, 45]"
137,8,6,4,2,6,2,6,"[156, 26, 13, 60, 9, 132, 62, 81, 70]","[156, 49, 12, 77, 11, 64, 116]","[156, 27, 14, 24, 86, 35, 49]","[156, 52, 59]","[156, 27, 14, 24, 72, 35, 33]","[156, 52, 59]"
138,0,0,0,0,0,0,4,[65],[65],[67],[67],[67],[67]
139,0,0,0,0,0,0,6,[61],[61],[63],[63],[63],[63]
140,0,0,0,0,0,0,6,[209],[209],[213],[213],[213],[213]
141,0,0,0,0,0,0,6,[65],[65],[67],[67],[67],[67]
142,0,0,0,0,0,0,4,[59],[59],[60],[60],[60],[60]
143,0,0,0,0,0,0,6,[70],[70],[72],[72],[72],[72]
144,0,0,0,0,0,0,4,[70],[70],[72],[72],[72],[72]
145,0,0,0,0,0,0,6,[190],[190],[192],[192],[192],[192]
146,0,0,0,0,0,0,4,[62],[62],[63],[63],[63],[63]
147,0,0,0,0,0,0,6,[70],[70],[72],[72],[72],[72]
148,0,0,0,0,0,0,4,[69],[69],[71],[71],[71],[71]
149,0,0,0,0,0,0,6,[83],[83],[84],[84],[84],[84]
150,0,0,0,0,0,0,6,[69],[69],[71],[71],[71],[71]
151,0,0,0,0,0,0,6,[70],[70],[72],[72],[72],[72]
152,0,0,0,0,0,0,4,[54],[54],[55],[55],[55],[55]
153,0,0,0,0,0,0,6,[83],[83],[84],[84],[84],[84]
154,0,0,0,0,0,0,4,[60],[60],[62],[62],[62],[62]
155,0,0,0,0,0,0,4,[220],[220],[223],[223],[223],[223]
156,0,0,0,0,0,0,6,[209],[209],[213],[213],[213],[213]
157,0,0,0,0,0,0,4,[60],[60],[62],[62],[62],[62]
158,0,0,0,0,0,0,6,[62],[62],[63],[63],[63],[63]
159,0,0,0,0,0,0,6,[209],[209],[213],[213],[213],[213]
160,0,0,0,0,0,0,6,[69],[69],[71],[71],[71],[71]
161,0,0,0,0,0,0,6,[60],[60],[62],[62],[62],[62]
162,0,0,0,0,0,0,4,[64],[64],[66],[66],[66],[66]
163,0,0,0,0,0,0,4,[200],[200],[205],[205],[205],[205]
164,0,0,0,0,0,0,6,[70],[70],[72],[72],[72],[72]
165,0,0,0,0,0,0,6,[64],[64],[66],[66],[66],[66]
166,0,0,0,0,0,0,4,[174],[174],[178],[178],[178],[178]
167,2,6,2,2,2,2,4,"[202, 35, 145]","[202, 30, 10, 118, 9, 71, 71]","[202, 37, 36]","[202, 33, 40]","[202, 37, 36]","[202, 33, 40]"
168,0,0,0,0,0,0,6,[200],[200],[204],[204],[204],[204]
169,0,0,0,0,0,0,4,[70],[70],[72],[72],[72],[72]
170,14,6,8,2,12,2,4,"[82, 34, 17, 97, 13, 63, 27, 143, 9, 15, 15, 179, 62, 143, 56]","[82, 65, 12, 138, 11, 85, 207]","[82, 35, 18, 30, 14, 63, 57, 30, 24, 120, 39, 84]","[82, 67, 75]","[82, 35, 18, 30, 14, 63, 57, 16, 25, 73, 64, 39, 37]","[82, 67, 75]"
171,2,6,2,2,2,2,4,"[175, 13, 131]","[175, 50, 10, 149, 11, 57, 43]","[175, 14, 17]","[175, 52, 59]","[175, 14, 17]","[175, 52, 59]"
172,0,0,0,0,0,0,6,[60],[60],[62],[62],[62],[62]
173,0,0,0,0,0,0,6,[60],[60],[62],[62],[62],[62]
174,0,0,0,0,0,0,4,[59],[59],[60],[60],[60],[60]
175,0,0,0,0,0,0,6,[165],[165],[167],[167],[167],[167]
176,0,0,0,0,0,0,4,[60],[60],[62],[62],[62],[62]
177,0,0,0,0,0,0,4,[64],[64],[66],[66],[66],[66]
178,0,0,0,0,0,0,6,[60],[60],[62],[62],[62],[62]
179,0,0,0,0,0,0,6,[64],[64],[66],[66],[66],[66]
180,0,0,0,0,0,0,4,[83],[83],[85],[85],[85],[85]
181,0,0,0,0,0,0,4,[209],[209],[213],[213],[213],[213]
182,0,0,0,0,0,0,6,[200],[200],[204],[204],[204],[204]
183,0,0,0,0,0,0,4,[219],[219],[222],[222],[222],[222]
184,0,0,0,0,0,0,6,[212],[212],[216],[216],[216],[216]
185,0,0,0,0,0,0,4,[64],[64],[66],[66],[66],[66]
186,0,0,0,0,0,0,6,[184],[184],[185],[185],[185],[185]
187,0,0,0,0,0,0,6,[83],[83],[84],[84],[84],[84]
188,0,0,0,0,0,0,6,[65],[65],[67],[67],[67],[67]
189,0,0,0,0,0,0,6,[83],[83],[85],[85],[85],[85]
190,0,0,0,0,0,0,6,[62],[62],[63],[63],[63],[63]
191,14,6,8,2,12,2,4,"[82, 34, 17, 97, 13, 63, 27, 143, 9, 15, 15, 179, 62, 143, 56]","[82, 65, 12, 138, 11, 85, 207]","[82, 35, 18, 30, 14, 63, 57, 30, 24, 120, 39, 84]","[82, 67, 75]","[82, 35, 18, 30, 14, 63, 57, 16, 25, 73, 64, 39, 37]","[82, 67, 75]"
192,0,0,0,0,0,0,6,[65],[65],[67],[67],[67],[67]
193,0,0,0,0,0,0,4,[70],[70],[72],[72],[72],[72]
194,0,0,0,0,0,0,6,[65],[65],[67],[67],[67],[67]
195,0,0,0,0,0,0,4,[164],[164],[166],[166],[166],[166]
196,0,0,0,0,0,0,4,[155],[155],[156],[156],[156],[156]
197,0,0,0,0,0,0,4,[51],[51],[52],[52],[52],[52]
198,0,0,0,0,0,0,4,[176],[176],[180],[180],[180],[180]
199,6,6,2,4,2,4,4,"[176, 65, 18, 86, 14, 47, 15]","[176, 94, 5, 30, 94, 84, 10]","[176, 68, 19]","[176, 94, 80, 13, 8, 31]","[176, 68, 19]","[176, 94, 80, 13, 8]"
200,0,0,0,0,0,0,4,[69],[69],[71],[71],[71],[71]
201,0,0,0,0,0,0,4,[64],[64],[66],[66],[66],[66]
202,0,0,0,0,0,0,6,[200],[200],[204],[204],[204],[204]
203,0,0,0,0,0,0,6,[231],[231],[236],[236],[236],[236]
204,0,0,0,0,0,0,6,[83],[83],[85],[85],[85],[85]
205,0,0,0,0,0,0,6,[164],[164],[166],[166],[166],[166]
206,0,0,0,0,0,0,6,[65],[65],[67],[67],[67],[67]
207,0,0,0,0,0,0,4,[219],[219],[223],[223],[223],[223]
208,0,0,0,0,0,0,4,[83],[83],[85],[85],[85],[85]
209,0,0,0,0,0,0,4,[222],[222],[225],[225],[225],[225]
210,0,0,0,0,0,0,6,[61],[61],[63],[63],[63],[63]
211,0,0,0,0,0,0,4,[83],[83],[84],[84],[84],[84]
212,2,8,2,2,2,2,4,"[175, 13, 131]","[175, 50, 10, 74, 11, 106, 120, 31, 24]","[175, 14, 19]","[175, 54, 16]","[175, 14, 19]","[175, 54, 16]"
213,0,0,0,0,0,0,4,[59],[59],[60],[60],[60],[60]
214,0,0,0,0,0,0,6,[60],[60],[62],[62],[62],[62]
215,0,0,0,0,0,0,4,[51],[51],[52],[52],[52],[52]
216,0,0,0,0,0,0,6,[70],[70],[72],[72],[72],[72]
217,0,0,0,0,0,0,4,[184],[184],[185],[185],[185],[185]
218,0,0,0,0,0,0,4,[64],[64],[66],[66],[66],[66]
219,0,0,0,0,0,0,6,[83],[83],[85],[85],[85],[85]
220,0,0,0,0,0,0,6,[51],[51],[52],[52],[52],[52]
221,0,0,0,0,0,0,6,[65],[65],[67],[67],[67],[67]
222,0,0,0,0,0,0,4,[83],[83],[85],[85],[85],[85]
223,0,0,0,0,0,0,6,[83],[83],[85],[85],[85],[85]
224,0,0,0,0,0,0,4,[222],[222],[225],[225],[225],[225]
225,0,0,0,0,0,0,6,[60],[60],[62],[62],[62],[62]
226,0,0,0,0,0,0,4,[197],[197],[200],[200],[200],[200]
227,0,0,0,0,0,0,4,[151],[151],[153],[153],[153],[153]
228,0,0,0,0,0,0,6,[70],[70],[72],[72],[72],[72]
229,8,8,5,6,8,10,4,"[121, 67, 17, 82, 13, 58, 9, 93, 67]","[121, 70, 10, 133, 11, 141, 70, 28, 78]","[121, 68, 18, 58, 32, 5, 42, 42, 64]","[121, 74, 11, 23, 29, 94, 43, 6, 53, 50, 80]","[121, 68, 18, 58, 14, 5, 10, 42, 41]","[121, 74, 11, 23, 18, 94, 14, 6, 10, 50, 39]"
230,0,0,0,0,0,0,4,[69],[69],[71],[71],[71],[71]
231,0,0,0,0,0,0,4,[54],[54],[55],[55],[55],[55]
232,4,8,3,4,4,6,4,"[120, 68, 17, 83, 64]","[120, 71, 10, 133, 11, 141, 70, 28, 79]","[120, 69, 18, 59, 11]","[120, 75, 11, 24, 29, 88, 23]","[120, 69, 18, 59, 16]","[120, 75, 11, 24, 18, 88, 9]"
233,0,0,0,0,0,0,4,[70],[70],[72],[72],[72],[72]
234,0,0,0,0,0,0,6,[170],[170],[173],[173],[173],[173]
235,0,0,0,0,0,0,4,[54],[54],[55],[55],[55],[55]
236,0,0,0,0,0,0,4,[65],[65],[67],[67],[67],[67]
237,0,0,0,0,0,0,4,[62],[62],[63],[63],[63],[63]
238,2,6,2,2,2,2,4,"[175, 13, 131]","[175, 50, 10, 149, 11, 57, 43]","[175, 14, 17]","[175, 52, 59]","[175, 14, 17]","[175, 52, 59]"
239,0,0,0,0,0,0,6,[70],[70],[72],[72],[72],[72]
240,0,0,0,0,0,0,4,[69],[69],[71],[71],[71],[71]
241,2,2,2,2,2,2,6,"[178, 37, 46]","[178, 11, 39]","[178, 38, 47]","[178, 12, 10]","[178, 38, 47]","[178, 12, 10]"
242,0,0,0,0,0,0,6,[83],[83],[85],[85],[85],[85]
243,0,0,0,0,0,0,4,[147],[147],[150],[150],[150],[150]
244,0,0,0,0,0,0,4,[183],[183],[187],[187],[187],[187]
245,0,0,0,0,0,0,6,[70],[70],[72],[72],[72],[72]
246,0,0,0,0,0,0,4,[70],[70],[72],[72],[72],[72]
247,0,0,0,0,0,0,6,[83],[83],[85],[85],[85],[85]
248,0,0,0,0,0,0,6,[69],[69],[71],[71],[71],[71]
249,0,0,0,0,0,0,6,[60],[60],[62],[62],[62],[62]
250,4,2,3,2,4,2,4,"[176, 50, 18, 172, 22]","[176, 11, 39]","[176, 52, 19, 55, 39]","[176, 12, 10]","[176, 52, 19, 55, 35]","[176, 12, 10]"
251,0,0,0,0,0,0,6,[60],[60],[62],[62],[62],[62]
252,10,16,6,9,8,10,4,"[112, 63, 15, 135, 9, 58, 17, 222, 64, 31, 65]","[112, 95, 12, 163, 9, 77, 52, 8, 19, 10, 75, 80, 70, 96, 10, 53, 113]","[112, 63, 16, 37, 24, 27, 69, 37, 126]","[112, 96, 13, 61, 16, 13, 56, 28, 93, 38, 63, 67, 36, 127]","[112, 63, 16, 19, 24, 46, 69, 37, 36]","[112, 96, 13, 61, 16, 19, 24, 46, 67, 35, 35]"
253,0,0,0,0,0,0,4,[70],[70],[72],[72],[72],[72]
254,4,8,3,4,4,6,4,"[120, 68, 17, 83, 64]","[120, 71, 10, 133, 11, 141, 70, 28, 79]","[120, 69, 18, 59, 11]","[120, 75, 11, 24, 29, 88, 23]","[120, 69, 18, 59, 16]","[120, 75, 11, 24, 18, 88, 9]"
255,0,0,0,0,0,0,6,[83],[83],[84],[84],[84],[84]
256,0,0,0,0,0,0,4,[64],[64],[66],[66],[66],[66]
257,0,0,0,0,0,0,6,[65],[65],[67],[67],[67],[67]
258,0,0,0,0,0,0,6,[69],[69],[71],[71],[71],[71]
259,0,0,0,0,0,0,4,[70],[70],[72],[72],[72],[72]
260,0,0,0,0,0,0,6,[61],[61],[63],[63],[63],[63]
261,0,0,0,0,0,0,4,[147],[147],[150],[150],[150],[150]
262,0,0,0,0,0,0,4,[65],[65],[67],[67],[67],[67]
263,0,0,0,0,0,0,4,[54],[54],[55],[55],[55],[55]
264,0,0,0,0,0,0,4,[70],[70],[72],[72],[72],[72]
265,0,0,0,0,0,0,6,[83],[83],[85],[85],[85],[85]
266,4,18,3,4,4,6,4,"[121, 67, 17, 83, 64]","[121, 56, 10, 108, 37, 8, 82, 8, 36, 156, 11, 77, 70, 8, 16, 46, 70, 37, 34]","[121, 68, 18, 58, 11]","[121, 57, 11, 68, 29, 58, 23]","[121, 68, 18, 58, 16]","[121, 57, 11, 68, 18, 58, 16]"
267,0,0,0,0,0,0,4,[83],[83],[85],[85],[85],[85]
268,0,0,0,0,0,0,4,[70],[70],[72],[72],[72],[72]
269,0,0,0,0,0,0,6,[70],[70],[72],[72],[72],[72]
270,0,0,0,0,0,0,4,[148],[148],[151],[151],[151],[151]
271,0,0,0,0,0,0,4,[56],[56],[57],[57],[57],[57]
272,0,0,0,0,0,0,4,[57],[57],[58],[58],[58],[58]
273,0,0,0,0,0,0,4,[147],[147],[150],[150],[150],[150]
274,0,0,0,0,0,0,6,[69],[69],[71],[71],[71],[71]
275,0,0,0,0,0,0,4,[148],[148],[151],[151],[151],[151]
276,10,10,6,6,8,8,4,"[99, 34, 17, 191, 13, 110, 9, 20, 62, 105, 49]","[99, 76, 12, 115, 11, 82, 68, 92, 10, 45, 61]","[99, 35, 18, 30, 14, 24, 104, 38, 123]","[99, 79, 30, 30, 14, 24, 114, 59, 146]","[99, 35, 18, 30, 14, 24, 72, 38, 37]","[99, 79, 30, 30, 14, 24, 70, 59, 36]"
277,0,0,0,0,0,0,4,[65],[65],[67],[67],[67],[67]
278,8,8,5,6,8,10,4,"[121, 67, 17, 82, 13, 58, 9, 93, 67]","[121, 70, 10, 133, 11, 141, 70, 28, 78]","[121, 68, 18, 58, 32, 5, 42, 42, 64]","[121, 74, 11, 23, 29, 94, 43, 6, 53, 50, 80]","[121, 68, 18, 58, 14, 5, 10, 42, 41]","[121, 74, 11, 23, 18, 94, 14, 6, 10, 50, 39]"
279,0,0,0,0,0,0,6,[64],[64],[66],[66],[66],[66]
280,0,0,0,0,0,0,6,[70],[70],[72],[72],[72],[72]
281,0,0,0,0,0,0,6,[83],[83],[85],[85],[85],[85]
282,0,0,0,0,0,0,4,[65],[65],[67],[67],[67],[67]
283,0,0,0,0,0,0,4,[83],[83],[85],[85],[85],[85]
284,0,0,0,0,0,0,4,[69],[69],[71],[71],[71],[71]
285,0,0,0,0,0,0,6,[83],[83],[85],[85],[85],[85]
286,0,0,0,0,0,0,6,[64],[64],[66],[66],[66],[66]
287,0,0,0,0,0,0,4,[65],[65],[67],[67],[67],[67]
288,0,0,0,0,0,0,6,[70],[70],[72],[72],[72],[72]
289,0,0,0,0,0,0,6,[164],[164],[166],[166],[166],[166]
290,6,6,4,2,6,2,4,"[176, 12, 13, 118, 9, 55, 155]","[176, 50, 10, 149, 11, 57, 89]","[176, 13, 14, 6, 24, 39, 46]","[176, 52, 59]","[176, 13, 14, 6, 10, 39, 37]","[176, 52, 59]"
291,0,0,0,0,0,0,6,[60],[60],[62],[62],[62],[62]
292,0,0,0,0,0,0,6,[199],[199],[203],[203],[203],[203]
293,0,0,0,0,0,0,6,[206],[206],[211],[211],[211],[211]
294,0,0,0,0,0,0,6,[185],[185],[187],[187],[187],[187]
295,0,0,0,0,0,0,4,[65],[65],[67],[67],[67],[67]
296,0,0,0,0,0,0,4,[65],[65],[67],[67],[67],[67]
297,0,0,0,0,0,0,6,[50],[50],[51],[51],[51],[51]
298,0,0,0,0,0,0,4,[60],[60],[62],[62],[62],[62]
299,0,0,0,0,0,0,6,[70],[70],[72],[72],[72],[72]
300,0,0,0,0,0,0,6,[69],[69],[71],[71],[71],[71]
301,0,0,0,0,0,0,6,[83],[83],[85],[85],[85],[85]
302,0,0,0,0,0,0,6,[190],[190],[192],[192],[192],[192]
303,0,0,0,0,0,0,4,[60],[60],[62],[62],[62],[62]
304,4,8,3,4,4,6,4,"[120, 68, 17, 83, 64]","[120, 71, 10, 133, 11, 141, 70, 28, 79]","[120, 69, 18, 59, 11]","[120, 75, 11, 24, 29, 88, 23]","[120, 69, 18, 59, 16]","[120, 75, 11, 24, 18, 88, 9]"
305,0,0,0,0,0,0,4,[83],[83],[85],[85],[85],[85]
306,0,0,0,0,0,0,6,[70],[70],[72],[72],[72],[72]
307,0,0,0,0,0,0,4,[64],[64],[66],[66],[66],[66]
308,0,0,0,0,0,0,6,[51],[51],[52],[52],[52],[52]
309,0,0,0,0,0,0,4,[50],[50],[51],[51],[51],[51]
310,0,0,0,0,0,0,4,[83],[83],[85],[85],[85],[85]
311,0,0,0,0,0,0,6,[192],[192],[197],[197],[197],[197]
312,0,0,0,0,0,0,6,[65],[65],[67],[67],[67],[67]
313,0,0,0,0,0,0,4,[70],[70],[72],[72],[72],[72]
314,0,0,0,0,0,0,4,[70],[70],[72],[72],[72],[72]
315,0,0,0,0,0,0,4,[65],[65],[67],[67],[67],[67]
316,0,0,0,0,0,0,4,[64],[64],[66],[66],[66],[66]
317,0,0,0,0,0,0,6,[222],[222],[225],[225],[225],[225]
318,0,0,0,0,0,0,4,[185],[185],[187],[187],[187],[187]
319,0,0,0,0,0,0,6,[59],[59],[60],[60],[60],[60]
320,0,0,0,0,0,0,4,[69],[69],[71],[71],[71],[71]
321,0,0,0,0,0,0,4,[147],[147],[150],[150],[150],[150]
322,0,0,0,0,0,0,6,[70],[70],[72],[72],[72],[72]
323,0,0,0,0,0,0,4,[70],[70],[72],[72],[72],[72]
324,0,0,0,0,0,0,6,[151],[151],[153],[153],[153],[153]
325,0,0,0,0,0,0,6,[184],[184],[185],[185],[185],[185]
326,0,0,0,0,0,0,6,[69],[69],[71],[71],[71],[71]
327,0,0,0,0,0,0,6,[200],[200],[204],[204],[204],[204]
328,0,0,0,0,0,0,6,[182],[182],[185],[185],[185],[185]
329,0,0,0,0,0,0,6,[60],[60],[62],[62],[62],[62]
330,0,0,0,0,0,0,4,[61],[61],[63],[63],[63],[63]
331,0,0,0,0,0,0,6,[190],[190],[192],[192],[192],[192]
332,0,0,0,0,0,0,6,[150],[150],[152],[152],[152],[152]
333,2,8,2,3,2,4,4,"[175, 15, 135]","[175, 55, 10, 124, 9, 141, 121, 56, 77]","[175, 16, 19]","[175, 59, 11, 3, 8]","[175, 16, 19]","[175, 59, 11, 3, 18]"
334,0,0,0,0,0,0,4,[54],[54],[55],[55],[55],[55]
335,0,0,0,0,0,0,6,[65],[65],[67],[67],[67],[67]
336,0,0,0,0,0,0,6,[60],[60],[62],[62],[62],[62]
337,0,0,0,0,0,0,6,[65],[65],[67],[67],[67],[67]
338,0,0,0,0,0,0,6,[169],[169],[172],[172],[172],[172]
339,0,0,0,0,0,0,4,[70],[70],[72],[72],[72],[72]
340,0,0,0,0,0,0,4,[60],[60],[62],[62],[62],[62]
341,0,0,0,0,0,0,6,[70],[70],[72],[72],[72],[72]
342,0,0,0,0,0,0,4,[64],[64],[66],[66],[66],[66]
343,0,0,0,0,0,0,4,[70],[70],[72],[72],[72],[72]
344,4,8,3,4,4,6,4,"[120, 68, 17, 83, 64]","[120, 71, 10, 133, 11, 141, 70, 28, 79]","[120, 69, 18, 59, 11]","[120, 75, 11, 24, 29, 88, 23]","[120, 69, 18, 59, 16]","[120, 75, 11, 24, 18, 88, 9]"
345,0,0,0,0,0,0,4,[61],[61],[62],[62],[62],[62]
346,0,0,0,0,0,0,4,[190],[190],[195],[195],[195],[195]
347,0,0,0,0,0,0,6,[162],[162],[163],[163],[163],[163]
348,0,0,0,0,0,0,4,[69],[69],[71],[71],[71],[71]
349,0,0,0,0,0,0,6,[65],[65],[67],[67],[67],[67]
350,0,0,0,0,0,0,4,[69],[69],[71],[71],[71],[71]
351,0,0,0,0,0,0,6,[64],[64],[66],[66],[66],[66]
352,0,0,0,0,0,0,6,[162],[162],[163],[163],[163],[163]
353,0,0,0,0,0,0,4,[54],[54],[55],[55],[55],[55]
354,0,0,0,0,0,0,4,[57],[57],[58],[58],[58],[58]
355,0,0,0,0,0,0,6,[70],[70],[72],[72],[72],[72]
356,0,0,0,0,0,0,4,[60],[60],[62],[62],[62],[62]
357,0,0,0,0,0,0,4,[144],[144],[147],[147],[147],[147]
358,0,0,0,0,0,0,4,[69],[69],[71],[71],[71],[71]
359,0,0,0,0,0,0,4,[68],[68],[70],[70],[70],[70]
360,0,0,0,0,0,0,4,[59],[59],[60],[60],[60],[60]
361,0,0,0,0,0,0,6,[62],[62],[63],[63],[63],[63]
362,0,0,0,0,0,0,6,[65],[65],[67],[67],[67],[67]
363,0,0,0,0,0,0,4,[70],[70],[72],[72],[72],[72]
364,0,0,0,0,0,0,4,[64],[64],[66],[66],[66],[66]
365,0,0,0,0,0,0,6,[60],[60],[62],[62],[62],[62]
366,0,0,0,0,0,0,6,[70],[70],[72],[72],[72],[72]
367,6,8,4,4,6,6,4,"[176, 12, 15, 116, 9, 101, 139]","[176, 49, 10, 74, 11, 122, 120, 22, 52]","[176, 13, 16, 6, 26, 38, 45]","[176, 53, 26, 5, 36, 44, 68]","[176, 13, 16, 6, 10, 38, 37]","[176, 53, 26, 5, 10, 44, 35]"
368,0,0,0,0,0,0,6,[61],[61],[63],[63],[63],[63]
369,0,0,0,0,0,0,6,[51],[51],[52],[52],[52],[52]
370,0,0,0,0,0,0,4,[60],[60],[62],[62],[62],[62]
371,0,0,0,0,0,0,4,[59],[59],[60],[60],[60],[60]
372,0,0,0,0,0,0,6,[234],[234],[239],[239],[239],[239]
373,0,0,0,0,0,0,6,[69],[69],[71],[71],[71],[71]
374,0,0,0,0,0,0,6,[75],[75],[76],[76],[76],[76]
375,0,0,0,0,0,0,6,[83],[83],[85],[85],[85],[85]
376,0,0,0,0,0,0,6,[75],[75],[76],[76],[76],[76]
377,0,0,0,0,0,0,4,[69],[69],[71],[71],[71],[71]
378,4,18,3,4,4,6,4,"[121, 67, 17, 83, 64]","[121, 56, 10, 108, 37, 8, 82, 8, 36, 156, 11, 77, 70, 8, 16, 46, 70, 37, 34]","[121, 68, 18, 58, 11]","[121, 57, 11, 68, 29, 58, 23]","[121, 68, 18, 58, 16]","[121, 57, 11, 68, 18, 58, 16]"
379,14,6,8,2,12,2,4,"[82, 34, 17, 97, 13, 63, 27, 143, 9, 15, 15, 179, 62, 143, 56]","[82, 65, 12, 138, 11, 85, 207]","[82, 35, 18, 30, 14, 63, 57, 30, 24, 120, 39, 84]","[82, 67, 75]","[82, 35, 18, 30, 14, 63, 57, 16, 25, 73, 64, 39, 37]","[82, 67, 75]"
380,0,0,0,0,0,0,6,[164],[164],[166],[166],[166],[166]
381,0,0,0,0,0,0,6,[192],[192],[197],[197],[197],[197]
382,0,0,0,0,0,0,6,[65],[65],[67],[67],[67],[67]
383,0,0,0,0,0,0,4,[65],[65],[67],[67],[67],[67]
384,8,8,5,6,8,10,4,"[121, 67, 17, 82, 13, 58, 9, 93, 67]","[121, 70, 10, 133, 11, 141, 70, 28, 78]","[121, 68, 18, 58, 32, 5, 42, 42, 64]","[121, 74, 11, 23, 29, 94, 43, 6, 53, 50, 80]","[121, 68, 18, 58, 14, 5, 10, 42, 41]","[121, 74, 11, 23, 18, 94, 14, 6, 10, 50, 39]"
385,0,0,0,0,0,0,4,[83],[83],[85],[85],[85],[85]
386,0,0,0,0,0,0,6,[61],[61],[63],[63],[63],[63]
387,0,0,0,0,0,0,6,[65],[65],[67],[67],[67],[67]
388,0,0,0,0,0,0,4,[60],[60],[62],[62],[62],[62]
389,0,0,0,0,0,0,4,[64],[64],[66],[66],[66],[66]
390,0,0,0,0,0,0,4,[70],[70],[72],[72],[72],[72]
391,0,0,0,0,0,0,6,[69],[69],[71],[71],[71],[71]
392,0,0,0,0,0,0,6,[70],[70],[72],[72],[72],[72]
393,0,0,0,0,0,0,6,[74],[74],[75],[75],[75],[75]
394,0,0,0,0,0,0,6,[65],[65],[67],[67],[67],[67]
395,0,0,0,0,0,0,4,[54],[54],[55],[55],[55],[55]
396,0,0,0,0,0,0,4,[62],[62],[63],[63],[63],[63]
397,0,0,0,0,0,0,6,[83],[83],[84],[84],[84],[84]
398,0,0,0,0,0,0,4,[70],[70],[72],[72],[72],[72]
399,0,0,0,0,0,0,6,[70],[70],[72],[72],[72],[72]
400,0,0,0,0,0,0,6,[83],[83],[85],[85],[85],[85]
401,0,0,0,0,0,0,6,[69],[69],[71],[71],[71],[71]
402,0,0,0,0,0,0,4,[60],[60],[62],[62],[62],[62]
403,0,0,0,0,0,0,6,[69],[69],[71],[71],[71],[71]
404,6,8,4,5,6,8,4,"[176, 14, 15, 120, 11, 26, 124]","[176, 54, 10, 79, 9, 178, 121, 22, 18]","[176, 15, 16, 6, 28, 37, 46]","[176, 58, 11, 3, 27, 92, 39, 43, 61]","[176, 15, 16, 6, 12, 37, 36]","[176, 58, 11, 3, 16, 92, 12, 43, 34]"
405,0,0,0,0,0,0,4,[83],[83],[85],[85],[85],[85]
406,0,0,0,0,0,0,4,[83],[83],[85],[85],[85],[85]
407,0,0,0,0,0,0,6,[70],[70],[72],[72],[72],[72]
408,0,0,0,0,0,0,4,[69],[69],[71],[71],[71],[71]
409,0,0,0,0,0,0,6,[200],[200],[204],[204],[204],[204]
410,0,0,0,0,0,0,6,[83],[83],[85],[85],[85],[85]
411,4,6,3,7,4,8,4,"[176, 50, 18, 172, 22]","[176, 96, 35, 60, 96, 83, 31]","[176, 52, 19, 55, 39]","[176, 96, 45, 41, 96, 39, 17, 34, 72]","[176, 52, 19, 55, 35]","[176, 96, 45, 41, 96, 39, 17, 34, 28]"
412,0,0,0,0,0,0,6,[83],[83],[85],[85],[85],[85]
413,2,2,2,2,2,2,4,"[176, 37, 46]","[176, 11, 39]","[176, 38, 47]","[176, 12, 10]","[176, 38, 47]","[176, 12, 10]"
414,4,18,3,4,4,6,4,"[121, 67, 17, 83, 64]","[121, 56, 10, 108, 37, 8, 82, 8, 36, 156, 11, 77, 70, 8, 16, 46, 70, 37, 34]","[121, 68, 18, 58, 11]","[121, 57, 11, 68, 29, 58, 23]","[121, 68, 18, 58, 16]","[121, 57, 11, 68, 18, 58, 16]"
415,0,0,0,0,0,0,6,[60],[60],[62],[62],[62],[62]
416,8,8,5,6,8,10,4,"[121, 67, 17, 82, 13, 58, 9, 93, 67]","[121, 70, 10, 133, 11, 141, 70, 28, 78]","[121, 68, 18, 58, 32, 5, 42, 42, 64]","[121, 74, 11, 23, 29, 94, 43, 6, 53, 50, 80]","[121, 68, 18, 58, 14, 5, 10, 42, 41]","[121, 74, 11, 23, 18, 94, 14, 6, 10, 50, 39]"
417,0,0,0,0,0,0,6,[70],[70],[72],[72],[72],[72]
418,0,0,0,0,0,0,6,[65],[65],[67],[67],[67],[67]
419,0,0,0,0,0,0,6,[70],[70],[72],[72],[72],[72]
420,0,0,0,0,0,0,4,[61],[61],[63],[63],[63],[63]
421,0,0,0,0,0,0,4,[219],[219],[222],[222],[222],[222]
422,0,0,0,0,0,0,4,[190],[190],[192],[192],[192],[192]
423,14,6,10,2,14,2,4,"[82, 48, 17, 119, 13, 63, 63, 55, 9, 155, 15, 78, 62, 40, 61]","[82, 65, 12, 138, 11, 85, 199]","[82, 49, 18, 29, 14, 63, 14, 32, 43, 42, 82, 59, 134, 122, 52, 144]","[82, 67, 75]","[82, 49, 18, 29, 14, 63, 14, 17, 9, 40, 17, 103, 64, 39, 37]","[82, 67, 75]"
424,0,0,0,0,0,0,4,[65],[65],[67],[67],[67],[67]
425,0,0,0,0,0,0,6,[209],[209],[213],[213],[213],[213]
426,0,0,0,0,0,0,4,[60],[60],[62],[62],[62],[62]
427,0,0,0,0,0,0,4,[65],[65],[67],[67],[67],[67]
428,0,0,0,0,0,0,4,[147],[147],[150],[150],[150],[150]
429,0,0,0,0,0,0,4,[83],[83],[85],[85],[85],[85]
430,0,0,0,0,0,0,4,[59],[59],[60],[60],[60],[60]
431,0,0,0,0,0,0,4,[147],[147],[150],[150],[150],[150]
432,0,0,0,0,0,0,6,[65],[65],[67],[67],[67],[67]
433,0,0,0,0,0,0,6,[83],[83],[85],[85],[85],[85]
434,0,0,0,0,0,0,6,[69],[69],[71],[71],[71],[71]
435,0,0,0,0,0,0,6,[60],[60],[62],[62],[62],[62]
436,0,0,0,0,0,0,6,[69],[69],[71],[71],[71],[71]
437,0,0,0,0,0,0,4,[65],[65],[67],[67],[67],[67]
438,0,0,0,0,0,0,4,[70],[70],[72],[72],[72],[72]
439,0,0,0,0,0,0,4,[183],[183],[187],[187],[187],[187]
440,0,0,0,0,0,0,4,[204],[204],[209],[209],[209],[209]
441,0,0,0,0,0,0,6,[54],[54],[55],[55],[55],[55]
442,0,0,0,0,0,0,4,[69],[69],[71],[71],[71],[71]
443,0,0,0,0,0,0,6,[65],[65],[67],[67],[67],[67]
444,0,0,0,0,0,0,6,[83],[83],[84],[84],[84],[84]
445,0,0,0,0,0,0,6,[65],[65],[67],[67],[67],[67]
446,0,0,0,0,0,0,4,[175],[175],[179],[179],[179],[179]
447,0,0,0,0,0,0,4,[61],[61],[63],[63],[63],[63]
448,0,0,0,0,0,0,4,[164],[164],[166],[166],[166],[166]
449,0,0,0,0,0,0,6,[65],[65],[67],[67],[67],[67]
450,0,0,0,0,0,0,4,[64],[64],[66],[66],[66],[66]
451,0,0,0,0,0,0,4,[220],[220],[223],[223],[223],[223]
452,0,0,0,0,0,0,4,[59],[59],[60],[60],[60],[60]
453,0,0,0,0,0,0,6,[213],[213],[216],[216],[216],[216]
454,0,0,0,0,0,0,6,[162],[162],[163],[163],[163],[163]
455,0,0,0,0,0,0,4,[83],[83],[85],[85],[85],[85]
456,0,0,0,0,0,0,6,[64],[64],[66],[66],[66],[66]
457,0,0,0,0,0,0,6,[69],[69],[71],[71],[71],[71]
458,0,0,0,0,0,0,4,[65],[65],[67],[67],[67],[67]
459,0,0,0,0,0,0,6,[60],[60],[62],[62],[62],[62]
460,8,8,5,6,8,10,4,"[121, 67, 17, 82, 13, 58, 9, 93, 67]","[121, 70, 10, 133, 11, 141, 70, 28, 78]","[121, 68, 18, 58, 32, 5, 42, 42, 64]","[121, 74, 11, 23, 29, 94, 43, 6, 53, 50, 80]","[121, 68, 18, 58, 14, 5, 10, 42, 41]","[121, 74, 11, 23, 18, 94, 14, 6, 10, 50, 39]"
461,0,0,0,0,0,0,4,[83],[83],[85],[85],[85],[85]
462,6,8,4,5,6,8,4,"[176, 14, 15, 120, 11, 26, 124]","[176, 54, 10, 79, 9, 178, 121, 22, 18]","[176, 15, 16, 6, 28, 37, 46]","[176, 58, 11, 3, 27, 92, 39, 43, 61]","[176, 15, 16, 6, 12, 37, 36]","[176, 58, 11, 3, 16, 92, 12, 43, 34]"
463,0,0,0,0,0,0,4,[147],[147],[150],[150],[150],[150]
464,0,0,0,0,0,0,4,[57],[57],[58],[58],[58],[58]
465,0,0,0,0,0,0,6,[220],[220],[224],[224],[224],[224]
466,0,0,0,0,0,0,6,[70],[70],[72],[72],[72],[72]
467,0,0,0,0,0,0,6,[83],[83],[85],[85],[85],[85]
468,10,10,6,6,8,8,4,"[99, 34, 17, 191, 13, 110, 9, 20, 62, 105, 49]","[99, 76, 12, 115, 11, 82, 68, 92, 10, 45, 61]","[99, 35, 18, 30, 14, 24, 104, 38, 123]","[99, 79, 30, 30, 14, 24, 114, 59, 146]","[99, 35, 18, 30, 14, 24, 72, 38, 37]","[99, 79, 30, 30, 14, 24, 70, 59, 36]"
469,0,0,0,0,0,0,4,[219],[219],[222],[222],[222],[222]
470,0,0,0,0,0,0,6,[150],[150],[152],[152],[152],[152]
471,0,0,0,0,0,0,6,[220],[220],[224],[224],[224],[224]
472,0,0,0,0,0,0,6,[61],[61],[63],[63],[63],[63]
473,0,0,0,0,0,0,6,[70],[70],[72],[72],[72],[72]
474,0,0,0,0,0,0,4,[61],[61],[63],[63],[63],[63]
475,4,18,3,4,4,6,4,"[121, 67, 17, 83, 64]","[121, 56, 10, 108, 37, 8, 82, 8, 36, 156, 11, 77, 70, 8, 16, 46, 70, 37, 34]","[121, 68, 18, 58, 11]","[121, 57, 11, 68, 29, 58, 23]","[121, 68, 18, 58, 16]","[121, 57, 11, 68, 18, 58, 16]"
476,0,0,0,0,0,0,6,[199],[199],[203],[203],[203],[203]
477,0,0,0,0,0,0,4,[70],[70],[72],[72],[72],[72]
478,0,0,0,0,0,0,6,[65],[65],[67],[67],[67],[67]
479,0,0,0,0,0,0,4,[144],[144],[147],[147],[147],[147]
480,0,0,0,0,0,0,4,[62],[62],[63],[63],[63],[63]
481,0,0,0,0,0,0,6,[82],[82],[83],[83],[83],[83]
482,0,0,0,0,0,0,6,[209],[209],[213],[213],[213],[213]
483,0,0,0,0,0,0,6,[83],[83],[84],[84],[84],[84]
484,12,10,8,6,12,8,4,"[99, 26, 13, 63, 13, 131, 9, 76, 17, 174, 62, 37, 91]","[99, 77, 12, 115, 11, 82, 68, 128, 10, 45, 76]","[99, 27, 14, 63, 14, 14, 43, 24, 3, 43, 112, 106, 38, 130]","[99, 80, 30, 27, 14, 24, 114, 59, 92]","[99, 27, 14, 63, 14, 19, 9, 15, 19, 78, 64, 38, 37]","[99, 80, 30, 27, 14, 24, 70, 59, 36]"
485,0,0,0,0,0,0,4,[60],[60],[62],[62],[62],[62]
486,0,0,0,0,0,0,4,[83],[83],[85],[85],[85],[85]
487,0,0,0,0,0,0,6,[60],[60],[62],[62],[62],[62]
488,0,0,0,0,0,0,6,[149],[149],[152],[152],[152],[152]
489,0,0,0,0,0,0,6,[83],[83],[84],[84],[84],[84]
490,0,0,0,0,0,0,4,[70],[70],[72],[72],[72],[72]
491,0,0,0,0,0,0,6,[69],[69],[71],[71],[71],[71]
492,0,0,0,0,0,0,4,[60],[60],[62],[62],[62],[62]
493,0,0,0,0,0,0,4,[83],[83],[85],[85],[85],[85]
494,0,0,0,0,0,0,4,[70],[70],[72],[72],[72],[72]
495,0,0,0,0,0,0,4,[70],[70],[72],[72],[72],[72]
496,2,8,2,3,2,4,4,"[175, 15, 135]","[175, 55, 10, 124, 9, 141, 121, 56, 77]","[175, 16, 19]","[175, 59, 11, 3, 8]","[175, 16, 19]","[175, 59, 11, 3, 18]"
497,0,0,0,0,0,0,4,[64],[64],[66],[66],[66],[66]
498,0,0,0,0,0,0,6,[191],[191],[193],[193],[193],[193]
499,6,8,4,5,6,8,4,"[176, 14, 15, 120, 11, 26, 124]","[176, 54, 10, 79, 9, 178, 121, 22, 18]","[176, 15, 16, 6, 28, 37, 46]","[176, 58, 11, 3, 27, 92, 39, 43, 61]","[176, 15, 16, 6, 12, 37, 36]","[176, 58, 11, 3, 16, 92, 12, 43, 34]"
500,0,0,0,0,0,0,4,[65],[65],[67],[67],[67],[67]
501,0,0,0,0,0,0,6,[60],[60],[62],[62],[62],[62]
502,12,10,8,6,12,8,4,"[99, 26, 13, 63, 13, 131, 9, 76, 17, 174, 62, 37, 91]","[99, 77, 12, 115, 11, 82, 68, 128, 10, 45, 76]","[99, 27, 14, 63, 14, 14, 43, 24, 3, 43, 112, 106, 38, 130]","[99, 80, 30, 27, 14, 24, 114, 59, 92]","[99, 27, 14, 63, 14, 19, 9, 15, 19, 78, 64, 38, 37]","[99, 80, 30, 27, 14, 24, 70, 59, 36]"
503,0,0,0,0,0,0,4,[174],[174],[178],[178],[178],[178]
504,0,0,0,0,0,0,4,[190],[190],[195],[195],[195],[195]
505,0,0,0,0,0,0,6,[69],[69],[71],[71],[71],[71]
506,4,2,3,2,4,2,4,"[176, 50, 18, 172, 22]","[176, 11, 39]","[176, 52, 19, 55, 39]","[176, 12, 10]","[176, 52, 19, 55, 35]","[176, 12, 10]"
507,0,0,0,0,0,0,6,[60],[60],[62],[62],[62],[62]
508,0,0,0,0,0,0,4,[64],[64],[66],[66],[66],[66]
509,0,0,0,0,0,0,4,[83],[83],[85],[85],[85],[85]
510,2,2,2,2,2,2,4,"[176, 37, 46]","[176, 11, 39]","[176, 38, 47]","[176, 12, 10]","[176, 38, 47]","[176, 12, 10]"
511,0,0,0,0,0,0,6,[65],[65],[67],[67],[67],[67]
512,0,0,0,0,0,0,6,[65],[65],[67],[67],[67],[67]
513,0,0,0,0,0,0,4,[51],[51],[52],[52],[52],[52]
514,4,8,3,4,4,6,4,"[120, 68, 17, 83, 64]","[120, 71, 10, 133, 11, 141, 70, 28, 79]","[120, 69, 18, 59, 11]","[120, 75, 11, 24, 29, 88, 23]","[120, 69, 18, 59, 16]","[120, 75, 11, 24, 18, 88, 9]"
515,0,0,0,0,0,0,4,[61],[61],[63],[63],[63],[63]
516,0,0,0,0,0,0,4,[148],[148],[151],[151],[151],[151]
517,0,0,0,0,0,0,6,[75],[75],[76],[76],[76],[76]
518,0,0,0,0,0,0,4,[83],[83],[85],[85],[85],[85]
519,0,0,0,0,0,0,4,[190],[190],[195],[195],[195],[195]
520,0,0,0,0,0,0,4,[83],[83],[85],[85],[85],[85]
521,0,0,0,0,0,0,6,[69],[69],[71],[71],[71],[71]
522,0,0,0,0,0,0,6,[64],[64],[66],[66],[66],[66]
523,0,0,0,0,0,0,6,[64],[64],[66],[66],[66],[66]
524,6,6,4,2,6,2,4,"[176, 55, 13, 116, 9, 27, 81]","[176, 50, 10, 89, 11, 86, 97]","[176, 56, 14, 5, 24, 39, 46]","[176, 52, 59]","[176, 56, 14, 5, 10, 39, 37]","[176, 52, 59]"
525,0,0,0,0,0,0,4,[200],[200],[204],[204],[204],[204]
526,0,0,0,0,0,0,4,[60],[60],[62],[62],[62],[62]
527,0,0,0,0,0,0,4,[65],[65],[67],[67],[67],[67]
528,0,0,0,0,0,0,4,[70],[70],[72],[72],[72],[72]
529,0,0,0,0,0,0,6,[65],[65],[67],[67],[67],[67]
530,0,0,0,0,0,0,6,[83],[83],[85],[85],[85],[85]
531,0,0,0,0,0,0,6,[69],[69],[71],[71],[71],[71]
532,0,0,0,0,0,0,4,[64],[64],[66],[66],[66],[66]
533,0,0,0,0,0,0,6,[61],[61],[63],[63],[63],[63]
534,0,0,0,0,0,0,4,[147],[147],[150],[150],[150],[150]
535,0,0,0,0,0,0,4,[83],[83],[85],[85],[85],[85]
536,0,0,0,0,0,0,6,[60],[60],[62],[62],[62],[62]
537,0,0,0,0,0,0,6,[200],[200],[204],[204],[204],[204]
538,0,0,0,0,0,0,4,[69],[69],[71],[71],[71],[71]
539,0,0,0,0,0,0,4,[83],[83],[85],[85],[85],[85]
540,0,0,0,0,0,0,6,[69],[69],[71],[71],[71],[71]
541,0,0,0,0,0,0,6,[60],[60],[62],[62],[62],[62]
542,0,0,0,0,0,0,6,[158],[158],[159],[159],[159],[159]
543,0,0,0,0,0,0,4,[61],[61],[63],[63],[63],[63]
544,0,0,0,0,0,0,6,[70],[70],[72],[72],[72],[72]
545,0,0,0,0,0,0,4,[204],[204],[209],[209],[209],[209]
546,0,0,0,0,0,0,6,[64],[64],[66],[66],[66],[66]
547,6,6,4,2,6,2,4,"[176, 55, 13, 116, 9, 27, 81]","[176, 50, 10, 89, 11, 86, 97]","[176, 56, 14, 5, 24, 39, 46]","[176, 52, 59]","[176, 56, 14, 5, 10, 39, 37]","[176, 52, 59]"
548,0,0,0,0,0,0,6,[65],[65],[67],[67],[67],[67]
549,0,0,0,0,0,0,6,[200],[200],[204],[204],[204],[204]
550,0,0,0,0,0,0,6,[65],[65],[67],[67],[67],[67]
551,14,6,8,2,12,2,4,"[82, 34, 17, 97, 13, 63, 27, 143, 9, 15, 15, 179, 62, 143, 56]","[82, 65, 12, 138, 11, 85, 207]","[82, 35, 18, 30, 14, 63, 57, 30, 24, 120, 39, 84]","[82, 67, 75]","[82, 35, 18, 30, 14, 63, 57, 16, 25, 73, 64, 39, 37]","[82, 67, 75]"
552,0,0,0,0,0,0,6,[60],[60],[62],[62],[62],[62]
553,0,0,0,0,0,0,6,[170],[170],[173],[173],[173],[173]
554,0,0,0,0,0,0,6,[69],[69],[71],[71],[71],[71]
555,0,0,0,0,0,0,4,[65],[65],[67],[67],[67],[67]
556,0,0,0,0,0,0,4,[59],[59],[60],[60],[60],[60]
557,0,0,0,0,0,0,4,[57],[57],[58],[58],[58],[58]
558,0,0,0,0,0,0,4,[200],[200],[204],[204],[204],[204]
559,0,0,0,0,0,0,6,[60],[60],[62],[62],[62],[62]
560,0,0,0,0,0,0,4,[211],[211],[215],[215],[215],[215]
561,0,0,0,0,0,0,6,[200],[200],[204],[204],[204],[204]
562,0,0,0,0,0,0,6,[64],[64],[66],[66],[66],[66]
563,0,0,0,0,0,0,4,[61],[61],[63],[63],[63],[63]
564,0,0,0,0,0,0,6,[61],[61],[63],[63],[63],[63]
565,12,10,8,6,12,8,4,"[99, 26, 13, 63, 13, 131, 9, 76, 17, 174, 62, 37, 91]","[99, 77, 12, 115, 11, 82, 68, 128, 10, 45, 76]","[99, 27, 14, 63, 14, 14, 43, 24, 3, 43, 112, 106, 38, 130]","[99, 80, 30, 27, 14, 24, 114, 59, 92]","[99, 27, 14, 63, 14, 19, 9, 15, 19, 78, 64, 38, 37]","[99, 80, 30, 27, 14, 24, 70, 59, 36]"
566,0,0,0,0,0,0,4,[70],[70],[72],[72],[72],[72]
567,0,0,0,0,0,0,6,[62],[62],[63],[63],[63],[63]
568,0,0,0,0,0,0,4,[65],[65],[67],[67],[67],[67]
569,0,0,0,0,0,0,6,[62],[62],[63],[63],[63],[63]
570,0,0,0,0,0,0,6,[70],[70],[72],[72],[72],[72]
571,0,0,0,0,0,0,6,[65],[65],[67],[67],[67],[67]
572,0,0,0,0,0,0,6,[200],[200],[204],[204],[204],[204]
573,8,8,5,6,8,10,4,"[121, 67, 17, 82, 13, 58, 9, 93, 67]","[121, 70, 10, 133, 11, 141, 70, 28, 78]","[121, 68, 18, 58, 32, 5, 42, 42, 64]","[121, 74, 11, 23, 29, 94, 43, 6, 53, 50, 80]","[121, 68, 18, 58, 14, 5, 10, 42, 41]","[121, 74, 11, 23, 18, 94, 14, 6, 10, 50, 39]"
574,0,0,0,0,0,0,6,[165],[165],[167],[167],[167],[167]
575,0,0,0,0,0,0,4,[219],[219],[223],[223],[223],[223]
576,0,0,0,0,0,0,4,[60],[60],[62],[62],[62],[62]
577,0,0,0,0,0,0,4,[64],[64],[66],[66],[66],[66]
578,0,0,0,0,0,0,4,[60],[60],[62],[62],[62],[62]
579,0,0,0,0,0,0,4,[175],[175],[179],[179],[179],[179]
580,0,0,0,0,0,0,6,[209],[209],[213],[213],[213],[213]
581,0,0,0,0,0,0,4,[61],[61],[63],[63],[63],[63]
582,0,0,0,0,0,0,6,[65],[65],[67],[67],[67],[67]
583,0,0,0,0,0,0,6,[70],[70],[72],[72],[72],[72]
584,0,0,0,0,0,0,6,[227],[227],[230],[230],[230],[230]
585,0,0,0,0,0,0,6,[59],[59],[60],[60],[60],[60]
586,0,0,0,0,0,0,4,[51],[51],[52],[52],[52],[52]
587,0,0,0,0,0,0,6,[198],[198],[202],[202],[202],[202]
588,0,0,0,0,0,0,6,[65],[65],[67],[67],[67],[67]
589,10,10,6,6,8,8,4,"[99, 34, 17, 191, 13, 110, 9, 20, 62, 105, 49]","[99, 76, 12, 115, 11, 82, 68, 92, 10, 45, 61]","[99, 35, 18, 30, 14, 24, 104, 38, 123]","[99, 79, 30, 30, 14, 24, 114, 59, 146]","[99, 35, 18, 30, 14, 24, 72, 38, 37]","[99, 79, 30, 30, 14, 24, 70, 59, 36]"
590,0,0,0,0,0,0,6,[83],[83],[85],[85],[85],[85]
591,0,0,0,0,0,0,4,[57],[57],[58],[58],[58],[58]
592,6,8,4,5,6,8,4,"[176, 14, 15, 120, 11, 26, 124]","[176, 54, 10, 79, 9, 178, 121, 22, 18]","[176, 15, 16, 6, 28, 37, 46]","[176, 58, 11, 3, 27, 92, 39, 43, 61]","[176, 15, 16, 6, 12, 37, 36]","[176, 58, 11, 3, 16, 92, 12, 43, 34]"
593,0,0,0,0,0,0,6,[201],[201],[203],[203],[203],[203]
594,0,0,0,0,0,0,4,[70],[70],[72],[72],[72],[72]
595,0,0,0,0,0,0,4,[69],[69],[71],[71],[71],[71]
596,6,6,2,4,2,4,4,"[176, 65, 18, 86, 14, 47, 15]","[176, 94, 5, 30, 94, 84, 10]","[176, 68, 19]","[176, 94, 80, 13, 8, 31]","[176, 68, 19]","[176, 94, 80, 13, 8]"
597,0,0,0,0,0,0,6,[213],[213],[217],[217],[217],[217]
598,0,0,0,0,0,0,6,[65],[65],[67],[67],[67],[67]
599,0,0,0,0,0,0,4,[65],[65],[67],[67],[67],[67]
600,0,0,0,0,0,0,6,[83],[83],[85],[85],[85],[85]
601,0,0,0,0,0,0,4,[64],[64],[66],[66],[66],[66]
602,0,0,0,0,0,0,4,[70],[70],[72],[72],[72],[72]
603,0,0,0,0,0,0,4,[68],[68],[70],[70],[70],[70]
604,0,0,0,0,0,0,6,[190],[190],[192],[192],[192],[192]
605,0,0,0,0,0,0,6,[69],[69],[71],[71],[71],[71]
606,0,0,0,0,0,0,6,[64],[64],[66],[66],[66],[66]
607,0,0,0,0,0,0,4,[65],[65],[67],[67],[67],[67]
608,0,0,0,0,0,0,6,[151],[151],[153],[153],[153],[153]
609,0,0,0,0,0,0,6,[151],[151],[153],[153],[153],[153]
610,0,0,0,0,0,0,4,[51],[51],[52],[52],[52],[52]
611,0,0,0,0,0,0,6,[83],[83],[85],[85],[85],[85]
612,0,0,0,0,0,0,4,[65],[65],[67],[67],[67],[67]
613,0,0,0,0,0,0,4,[83],[83],[85],[85],[85],[85]
614,0,0,0,0,0,0,6,[64],[64],[66],[66],[66],[66]
615,0,0,0,0,0,0,4,[83],[83],[85],[85],[85],[85]
616,0,0,0,0,0,0,4,[175],[175],[179],[179],[179],[179]
617,0,0,0,0,0,0,4,[186],[186],[188],[188],[188],[188]
618,0,0,0,0,0,0,6,[186],[186],[188],[188],[188],[188]
619,0,0,0,0,0,0,6,[69],[69],[71],[71],[71],[71]
620,0,0,0,0,0,0,6,[65],[65],[67],[67],[67],[67]
621,0,0,0,0,0,0,4,[57],[57],[58],[58],[58],[58]
622,0,0,0,0,0,0,6,[65],[65],[67],[67],[67],[67]
623,0,0,0,0,0,0,6,[198],[198],[202],[202],[202],[202]
624,0,0,0,0,0,0,6,[83],[83],[85],[85],[85],[85]
625,0,0,0,0,0,0,4,[69],[69],[71],[71],[71],[71]
626,2,2,2,2,2,2,6,"[191, 33, 103]","[191, 29, 174]","[191, 35, 35]","[191, 32, 34]","[191, 35, 35]","[191, 32, 34]"
627,0,0,0,0,0,0,6,[158],[158],[159],[159],[159],[159]
628,0,0,0,0,0,0,6,[158],[158],[159],[159],[159],[159]
629,0,0,0,0,0,0,4,[65],[65],[67],[67],[67],[67]
630,0,0,0,0,0,0,6,[64],[64],[66],[66],[66],[66]
631,0,0,0,0,0,0,4,[61],[61],[63],[63],[63],[63]
632,0,0,0,0,0,0,6,[83],[83],[84],[84],[84],[84]
633,0,0,0,0,0,0,4,[140],[140],[142],[142],[142],[142]
634,0,0,0,0,0,0,4,[70],[70],[72],[72],[72],[72]
635,0,0,0,0,0,0,6,[65],[65],[67],[67],[67],[67]
636,0,0,0,0,0,0,6,[83],[83],[85],[85],[85],[85]
637,0,0,0,0,0,0,6,[70],[70],[72],[72],[72],[72]
638,0,0,0,0,0,0,4,[61],[61],[63],[63],[63],[63]
639,0,0,0,0,0,0,6,[64],[64],[66],[66],[66],[66]
640,0,0,0,0,0,0,6,[61],[61],[63],[63],[63],[63]
641,0,0,0,0,0,0,4,[64],[64],[66],[66],[66],[66]
642,0,0,0,0,0,0,6,[70],[70],[72],[72],[72],[72]
643,0,0,0,0,0,0,6,[65],[65],[67],[67],[67],[67]
644,0,0,0,0,0,0,6,[62],[62],[63],[63],[63],[63]
645,0,0,0,0,0,0,6,[165],[165],[167],[167],[167],[167]
646,0,0,0,0,0,0,6,[213],[213],[217],[217],[217],[217]
647,0,0,0,0,0,0,4,[60],[60],[62],[62],[62],[62]
648,0,0,0,0,0,0,6,[83],[83],[85],[85],[85],[85]
649,0,0,0,0,0,0,6,[83],[83],[85],[85],[85],[85]
650,0,0,0,0,0,0,4,[69],[69],[71],[71],[71],[71]
651,0,0,0,0,0,0,4,[65],[65],[67],[67],[67],[67]
652,0,0,0,0,0,0,6,[65],[65],[67],[67],[67],[67]
653,0,0,0,0,0,0,4,[183],[183],[187],[187],[187],[187]
654,0,0,0,0,0,0,6,[70],[70],[72],[72],[72],[72]
655,0,0,0,0,0,0,6,[83],[83],[85],[85],[85],[85]
656,0,0,0,0,0,0,4,[61],[61],[63],[63],[63],[63]
657,0,0,0,0,0,0,4,[57],[57],[58],[58],[58],[58]
658,0,0,0,0,0,0,6,[210],[210],[213],[213],[213],[213]
659,0,0,0,0,0,0,6,[60],[60],[62],[62],[62],[62]
660,0,0,0,0,0,0,6,[65],[65],[67],[67],[67],[67]
661,0,0,0,0,0,0,6,[83],[83],[85],[85],[85],[85]
662,0,0,0,0,0,0,4,[51],[51],[52],[52],[52],[52]
663,0,0,0,0,0,0,6,[57],[57],[58],[58],[58],[58]
664,0,0,0,0,0,0,4,[83],[83],[84],[84],[84],[84]
665,0,0,0,0,0,0,4,[61],[61],[62],[62],[62],[62]
666,0,0,0,0,0,0,4,[64],[64],[66],[66],[66],[66]
667,8,8,5,6,8,10,4,"[121, 67, 17, 82, 13, 58, 9, 93, 67]","[121, 70, 10, 133, 11, 141, 70, 28, 78]","[121, 68, 18, 58, 32, 5, 42, 42, 64]","[121, 74, 11, 23, 29, 94, 43, 6, 53, 50, 80]","[121, 68, 18, 58, 14, 5, 10, 42, 41]","[121, 74, 11, 23, 18, 94, 14, 6, 10, 50, 39]"
668,0,0,0,0,0,0,4,[69],[69],[71],[71],[71],[71]
669,0,0,0,0,0,0,6,[65],[65],[67],[67],[67],[67]
670,0,0,0,0,0,0,4,[83],[83],[85],[85],[85],[85]
671,0,0,0,0,0,0,6,[62],[62],[63],[63],[63],[63]
672,0,0,0,0,0,0,4,[65],[65],[67],[67],[67],[67]
673,0,0,0,0,0,0,6,[151],[151],[153],[153],[153],[153]
674,0,0,0,0,0,0,4,[65],[65],[67],[67],[67],[67]
675,0,0,0,0,0,0,6,[70],[70],[72],[72],[72],[72]
676,2,6,2,2,2,2,6,"[244, 31, 151]","[244, 26, 10, 106, 9, 90, 68]","[244, 33, 32]","[244, 29, 36]","[244, 33, 32]","[244, 29, 36]"
677,10,10,6,6,8,8,4,"[99, 34, 17, 191, 13, 110, 9, 20, 62, 105, 49]","[99, 76, 12, 115, 11, 82, 68, 92, 10, 45, 61]","[99, 35, 18, 30, 14, 24, 104, 38, 123]","[99, 79, 30, 30, 14, 24, 114, 59, 146]","[99, 35, 18, 30, 14, 24, 72, 38, 37]","[99, 79, 30, 30, 14, 24, 70, 59, 36]"
678,0,0,0,0,0,0,4,[70],[70],[72],[72],[72],[72]
679,0,0,0,0,0,0,6,[221],[221],[224],[224],[224],[224]
680,0,0,0,0,0,0,6,[69],[69],[71],[71],[71],[71]
681,0,0,0,0,0,0,4,[69],[69],[71],[71],[71],[71]
682,0,0,0,0,0,0,4,[61],[61],[63],[63],[63],[63]
683,0,0,0,0,0,0,4,[60],[60],[62],[62],[62],[62]
684,0,0,0,0,0,0,6,[200],[200],[204],[204],[204],[204]
685,0,0,0,0,0,0,6,[60],[60],[62],[62],[62],[62]
686,0,0,0,0,0,0,4,[197],[197],[201],[201],[201],[201]
687,0,0,0,0,0,0,6,[143],[143],[146],[146],[146],[146]
688,0,0,0,0,0,0,4,[64],[64],[66],[66],[66],[66]
689,0,0,0,0,0,0,6,[62],[62],[63],[63],[63],[63]
690,4,2,3,2,4,2,4,"[176, 50, 18, 172, 22]","[176, 11, 39]","[176, 52, 19, 55, 39]","[176, 12, 10]","[176, 52, 19, 55, 35]","[176, 12, 10]"
691,0,0,0,0,0,0,4,[83],[83],[85],[85],[85],[85]
692,0,0,0,0,0,0,6,[223],[223],[226],[226],[226],[226]
693,0,0,0,0,0,0,6,[70],[70],[72],[72],[72],[72]
694,0,0,0,0,0,0,6,[70],[70],[72],[72],[72],[72]
695,0,0,0,0,0,0,6,[69],[69],[71],[71],[71],[71]
696,0,0,0,0,0,0,6,[70],[70],[72],[72],[72],[72]
697,0,0,0,0,0,0,4,[64],[64],[66],[66],[66],[66]
698,0,0,0,0,0,0,6,[200],[200],[204],[204],[204],[204]
699,0,0,0,0,0,0,4,[60],[60],[62],[62],[62],[62]
700,0,0,0,0,0,0,6,[51],[51],[52],[52],[52],[52]
701,0,0,0,0,0,0,6,[83],[83],[84],[84],[84],[84]
702,0,0,0,0,0,0,4,[175],[175],[179],[179],[179],[179]
703,0,0,0,0,0,0,4,[59],[59],[60],[60],[60],[60]
704,0,0,0,0,0,0,4,[69],[69],[71],[71],[71],[71]
705,0,0,0,0,0,0,4,[64],[64],[66],[66],[66],[66]
706,0,0,0,0,0,0,4,[64],[64],[66],[66],[66],[66]
707,0,0,0,0,0,0,4,[162],[162],[164],[164],[164],[164]
708,0,0,0,0,0,0,4,[54],[54],[55],[55],[55],[55]
709,0,0,0,0,0,0,4,[65],[65],[67],[67],[67],[67]
710,0,0,0,0,0,0,4,[83],[83],[84],[84],[84],[84]
711,0,0,0,0,0,0,4,[62],[62],[63],[63],[63],[63]
712,0,0,0,0,0,0,6,[200],[200],[204],[204],[204],[204]
713,0,0,0,0,0,0,6,[199],[199],[203],[203],[203],[203]
714,0,0,0,0,0,0,4,[61],[61],[63],[63],[63],[63]
715,0,0,0,0,0,0,4,[148],[148],[151],[151],[151],[151]
716,0,0,0,0,0,0,6,[65],[65],[67],[67],[67],[67]
717,0,0,0,0,0,0,6,[65],[65],[67],[67],[67],[67]
718,0,0,0,0,0,0,4,[51],[51],[52],[52],[52],[52]
719,0,0,0,0,0,0,4,[50],[50],[51],[51],[51],[51]
720,8,8,5,6,8,10,4,"[121, 67, 17, 82, 13, 58, 9, 93, 67]","[121, 70, 10, 133, 11, 141, 70, 28, 78]","[121, 68, 18, 58, 32, 5, 42, 42, 64]","[121, 74, 11, 23, 29, 94, 43, 6, 53, 50, 80]","[121, 68, 18, 58, 14, 5, 10, 42, 41]","[121, 74, 11, 23, 18, 94, 14, 6, 10, 50, 39]"
721,0,0,0,0,0,0,4,[65],[65],[67],[67],[67],[67]
722,0,0,0,0,0,0,6,[51],[51],[52],[52],[52],[52]
723,0,0,0,0,0,0,4,[64],[64],[66],[66],[66],[66]
724,6,8,4,5,6,8,4,"[176, 14, 15, 120, 11, 26, 124]","[176, 54, 10, 79, 9, 178, 121, 22, 18]","[176, 15, 16, 6, 28, 37, 46]","[176, 58, 11, 3, 27, 92, 39, 43, 61]","[176, 15, 16, 6, 12, 37, 36]","[176, 58, 11, 3, 16, 92, 12, 43, 34]"
725,0,0,0,0,0,0,4,[60],[60],[62],[62],[62],[62]
726,0,0,0,0,0,0,4,[60],[60],[62],[62],[62],[62]
727,0,0,0,0,0,0,6,[65],[65],[67],[67],[67],[67]
728,0,0,0,0,0,0,6,[64],[64],[66],[66],[66],[66]
729,0,0,0,0,0,0,4,[61],[61],[63],[63],[63],[63]
730,0,0,0,0,0,0,4,[69],[69],[71],[71],[71],[71]
731,0,0,0,0,0,0,4,[65],[65],[67],[67],[67],[67]
732,0,0,0,0,0,0,4,[59],[59],[60],[60],[60],[60]
733,0,0,0,0,0,0,6,[69],[69],[71],[71],[71],[71]
734,0,0,0,0,0,0,4,[70],[70],[72],[72],[72],[72]
735,0,0,0,0,0,0,6,[220],[220],[224],[224],[224],[224]
736,0,0,0,0,0,0,4,[69],[69],[71],[71],[71],[71]
737,0,0,0,0,0,0,4,[69],[69],[71],[71],[71],[71]
738,0,0,0,0,0,0,4,[143],[143],[146],[146],[146],[146]
739,0,0,0,0,0,0,6,[185],[185],[187],[187],[187],[187]
740,0,0,0,0,0,0,6,[69],[69],[71],[71],[71],[71]
741,0,0,0,0,0,0,6,[70],[70],[72],[72],[72],[72]
742,0,0,0,0,0,0,6,[69],[69],[71],[71],[71],[71]
743,0,0,0,0,0,0,6,[83],[83],[84],[84],[84],[84]
744,0,0,0,0,0,0,6,[64],[64],[66],[66],[66],[66]
745,6,8,4,5,6,8,4,"[176, 14, 15, 120, 11, 26, 124]","[176, 54, 10, 79, 9, 178, 121, 22, 18]","[176, 15, 16, 6, 28, 37, 46]","[176, 58, 11, 3, 27, 92, 39, 43, 61]","[176, 15, 16, 6, 12, 37, 36]","[176, 58, 11, 3, 16, 92, 12, 43, 34]"
746,0,0,0,0,0,0,4,[167],[167],[170],[170],[170],[170]
747,10,10,6,6,8,8,4,"[99, 34, 17, 191, 13, 110, 9, 20, 62, 105, 49]","[99, 76, 12, 115, 11, 82, 68, 92, 10, 45, 61]","[99, 35, 18, 30, 14, 24, 104, 38, 123]","[99, 79, 30, 30, 14, 24, 114, 59, 146]","[99, 35, 18, 30, 14, 24, 72, 38, 37]","[99, 79, 30, 30, 14, 24, 70, 59, 36]"
748,0,0,0,0,0,0,6,[64],[64],[66],[66],[66],[66]
749,0,0,0,0,0,0,6,[60],[60],[62],[62],[62],[62]
750,0,0,0,0,0,0,6,[61],[61],[63],[63],[63],[63]
751,0,0,0,0,0,0,4,[65],[65],[67],[67],[67],[67]
752,14,6,8,2,12,2,4,"[82, 34, 17, 97, 13, 63, 27, 143, 9, 15, 15, 179, 62, 143, 56]","[82, 65, 12, 138, 11, 85, 207]","[82, 35, 18, 30, 14, 63, 57, 30, 24, 120, 39, 84]","[82, 67, 75]","[82, 35, 18, 30, 14, 63, 57, 16, 25, 73, 64, 39, 37]","[82, 67, 75]"
753,0,0,0,0,0,0,6,[83],[83],[85],[85],[85],[85]
754,0,0,0,0,0,0,6,[65],[65],[67],[67],[67],[67]
755,0,0,0,0,0,0,4,[64],[64],[66],[66],[66],[66]
756,0,0,0,0,0,0,6,[222],[222],[225],[225],[225],[225]
757,0,0,0,0,0,0,6,[60],[60],[62],[62],[62],[62]
758,0,0,0,0,0,0,6,[200],[200],[204],[204],[204],[204]
759,0,0,0,0,0,0,4,[64],[64],[66],[66],[66],[66]
760,0,0,0,0,0,0,4,[140],[140],[142],[142],[142],[142]
761,0,0,0,0,0,0,6,[125],[125],[127],[127],[127],[127]
762,0,0,0,0,0,0,6,[60],[60],[62],[62],[62],[62]
763,0,0,0,0,0,0,4,[83],[83],[85],[85],[85],[85]
764,14,6,8,2,12,2,4,"[82, 34, 17, 97, 13, 63, 27, 143, 9, 15, 15, 179, 62, 143, 56]","[82, 65, 12, 138, 11, 85, 207]","[82, 35, 18, 30, 14, 63, 57, 30, 24, 120, 39, 84]","[82, 67, 75]","[82, 35, 18, 30, 14, 63, 57, 16, 25, 73, 64, 39, 37]","[82, 67, 75]"
765,0,0,0,0,0,0,6,[70],[70],[72],[72],[72],[72]
766,0,0,0,0,0,0,6,[83],[83],[84],[84],[84],[84]
767,0,0,0,0,0,0,6,[70],[70],[72],[72],[72],[72]
768,0,0,0,0,0,0,4,[83],[83],[85],[85],[85],[85]
769,0,0,0,0,0,0,6,[200],[200],[204],[204],[204],[204]
770,0,0,0,0,0,0,6,[61],[61],[63],[63],[63],[63]
771,0,0,0,0,0,0,4,[70],[70],[72],[72],[72],[72]
772,0,0,0,0,0,0,4,[70],[70],[72],[72],[72],[72]
773,0,0,0,0,0,0,4,[64],[64],[66],[66],[66],[66]
774,0,0,0,0,0,0,6,[221],[221],[224],[224],[224],[224]
775,0,0,0,0,0,0,6,[70],[70],[72],[72],[72],[72]
776,0,0,0,0,0,0,4,[185],[185],[187],[187],[187],[187]
777,0,0,0,0,0,0,4,[70],[70],[72],[72],[72],[72]
778,0,0,0,0,0,0,4,[64],[64],[66],[66],[66],[66]
779,0,0,0,0,0,0,6,[83],[83],[85],[85],[85],[85]
780,0,0,0,0,0,0,6,[64],[64],[66],[66],[66],[66]
781,0,0,0,0,0,0,6,[190],[190],[192],[192],[192],[192]
782,0,0,0,0,0,0,6,[209],[209],[213],[213],[213],[213]
783,0,0,0,0,0,0,6,[60],[60],[62],[62],[62],[62]
784,0,0,0,0,0,0,6,[62],[62],[63],[63],[63],[63]
785,0,0,0,0,0,0,4,[65],[65],[67],[67],[67],[67]
786,0,0,0,0,0,0,4,[60],[60],[62],[62],[62],[62]
787,0,0,0,0,0,0,4,[147],[147],[150],[150],[150],[150]
788,0,0,0,0,0,0,4,[62],[62],[63],[63],[63],[63]
789,0,0,0,0,0,0,6,[54],[54],[55],[55],[55],[55]
790,0,0,0,0,0,0,4,[190],[190],[192],[192],[192],[192]
791,0,0,0,0,0,0,6,[61],[61],[63],[63],[63],[63]
792,0,0,0,0,0,0,4,[61],[61],[63],[63],[63],[63]
793,0,0,0,0,0,0,4,[61],[61],[62],[62],[62],[62]
794,8,8,5,6,8,10,4,"[121, 67, 17, 82, 13, 58, 9, 93, 67]","[121, 70, 10, 133, 11, 141, 70, 28, 78]","[121, 68, 18, 58, 32, 5, 42, 42, 64]","[121, 74, 11, 23, 29, 94, 43, 6, 53, 50, 80]","[121, 68, 18, 58, 14, 5, 10, 42, 41]","[121, 74, 11, 23, 18, 94, 14, 6, 10, 50, 39]"
795,0,0,0,0,0,0,6,[69],[69],[71],[71],[71],[71]
796,0,0,0,0,0,0,6,[70],[70],[72],[72],[72],[72]
797,8,8,5,6,8,10,4,"[121, 67, 17, 82, 13, 58, 9, 93, 67]","[121, 70, 10, 133, 11, 141, 70, 28, 78]","[121, 68, 18, 58, 32, 5, 42, 42, 64]","[121, 74, 11, 23, 29, 94, 43, 6, 53, 50, 80]","[121, 68, 18, 58, 14, 5, 10, 42, 41]","[121, 74, 11, 23, 18, 94, 14, 6, 10, 50, 39]"
798,0,0,0,0,0,0,4,[70],[70],[72],[72],[72],[72]
799,0,0,0,0,0,0,4,[70],[70],[72],[72],[72],[72]
800,0,0,0,0,0,0,6,[65],[65],[67],[67],[67],[67]
801,0,0,0,0,0,0,4,[61],[61],[63],[63],[63],[63]
802,0,0,0,0,0,0,4,[83],[83],[85],[85],[85],[85]
803,0,0,0,0,0,0,4,[196],[196],[198],[198],[198],[198]
804,0,0,0,0,0,0,6,[126],[126],[128],[128],[128],[128]
805,0,0,0,0,0,0,4,[68],[68],[70],[70],[70],[70]
806,0,0,0,0,0,0,6,[69],[69],[71],[71],[71],[71]
807,0,0,0,0,0,0,4,[60],[60],[62],[62],[62],[62]
808,0,0,0,0,0,0,4,[68],[68],[70],[70],[70],[70]
809,0,0,0,0,0,0,6,[64],[64],[66],[66],[66],[66]
810,0,0,0,0,0,0,6,[70],[70],[72],[72],[72],[72]
811,6,8,4,5,6,8,4,"[176, 14, 15, 120, 11, 26, 124]","[176, 54, 10, 79, 9, 178, 121, 22, 18]","[176, 15, 16, 6, 28, 37, 46]","[176, 58, 11, 3, 27, 92, 39, 43, 61]","[176, 15, 16, 6, 12, 37, 36]","[176, 58, 11, 3, 16, 92, 12, 43, 34]"
812,0,0,0,0,0,0,4,[64],[64],[66],[66],[66],[66]
813,0,0,0,0,0,0,4,[60],[60],[62],[62],[62],[62]
814,0,0,0,0,0,0,4,[83],[83],[85],[85],[85],[85]
815,0,0,0,0,0,0,6,[192],[192],[197],[197],[197],[197]
816,0,0,0,0,0,0,6,[64],[64],[66],[66],[66],[66]
817,0,0,0,0,0,0,4,[60],[60],[62],[62],[62],[62]
818,0,0,0,0,0,0,4,[65],[65],[67],[67],[67],[67]
819,0,0,0,0,0,0,4,[65],[65],[67],[67],[67],[67]
820,0,0,0,0,0,0,4,[69],[69],[71],[71],[71],[71]
821,0,0,0,0,0,0,6,[70],[70],[72],[72],[72],[72]
822,0,0,0,0,0,0,4,[83],[83],[85],[85],[85],[85]
823,0,0,0,0,0,0,4,[65],[65],[67],[67],[67],[67]
824,0,0,0,0,0,0,6,[70],[70],[72],[72],[72],[72]
825,0,0,0,0,0,0,4,[62],[62],[63],[63],[63],[63]
826,0,0,0,0,0,0,6,[60],[60],[62],[62],[62],[62]
827,0,0,0,0,0,0,4,[61],[61],[63],[63],[63],[63]
828,0,0,0,0,0,0,6,[64],[64],[66],[66],[66],[66]
829,0,0,0,0,0,0,4,[65],[65],[67],[67],[67],[67]
830,0,0,0,0,0,0,6,[64],[64],[66],[66],[66],[66]
831,0,0,0,0,0,0,4,[61],[61],[63],[63],[63],[63]
832,0,0,0,0,0,0,6,[65],[65],[67],[67],[67],[67]
833,0,0,0,0,0,0,4,[62],[62],[63],[63],[63],[63]
834,0,0,0,0,0,0,6,[70],[70],[72],[72],[72],[72]
835,0,0,0,0,0,0,4,[70],[70],[72],[72],[72],[72]
836,4,8,3,4,4,6,4,"[120, 68, 17, 83, 64]","[120, 71, 10, 133, 11, 141, 70, 28, 79]","[120, 69, 18, 59, 11]","[120, 75, 11, 24, 29, 88, 23]","[120, 69, 18, 59, 16]","[120, 75, 11, 24, 18, 88, 9]"
837,14,6,8,2,12,2,4,"[82, 34, 17, 97, 13, 63, 27, 143, 9, 15, 15, 179, 62, 143, 56]","[82, 65, 12, 138, 11, 85, 207]","[82, 35, 18, 30, 14, 63, 57, 30, 24, 120, 39, 84]","[82, 67, 75]","[82, 35, 18, 30, 14, 63, 57, 16, 25, 73, 64, 39, 37]","[82, 67, 75]"
838,0,0,0,0,0,0,6,[70],[70],[72],[72],[72],[72]
839,6,6,3,3,4,4,6,"[169, 15, 9, 33, 64, 31, 78]","[169, 65, 12, 99, 9, 105, 172]","[169, 17, 74, 34, 104]","[169, 69, 84, 2, 69]","[169, 17, 74, 34, 32]","[169, 69, 84, 2, 28]"
840,0,0,0,0,0,0,4,[65],[65],[67],[67],[67],[67]
841,0,0,0,0,0,0,4,[53],[53],[54],[54],[54],[54]
842,0,0,0,0,0,0,6,[60],[60],[62],[62],[62],[62]
843,0,0,0,0,0,0,6,[59],[59],[60],[60],[60],[60]
844,8,8,5,6,8,10,4,"[121, 67, 17, 82, 13, 58, 9, 93, 67]","[121, 70, 10, 133, 11, 141, 70, 28, 78]","[121, 68, 18, 58, 32, 5, 42, 42, 64]","[121, 74, 11, 23, 29, 94, 43, 6, 53, 50, 80]","[121, 68, 18, 58, 14, 5, 10, 42, 41]","[121, 74, 11, 23, 18, 94, 14, 6, 10, 50, 39]"
845,0,0,0,0,0,0,4,[65],[65],[67],[67],[67],[67]
846,0,0,0,0,0,0,6,[64],[64],[66],[66],[66],[66]
847,6,8,4,4,6,6,4,"[176, 12, 15, 116, 9, 101, 139]","[176, 49, 10, 74, 11, 122, 120, 22, 52]","[176, 13, 16, 6, 26, 38, 45]","[176, 53, 26, 5, 36, 44, 68]","[176, 13, 16, 6, 10, 38, 37]","[176, 53, 26, 5, 10, 44, 35]"
848,0,0,0,0,0,0,6,[60],[60],[62],[62],[62],[62]
849,0,0,0,0,0,0,4,[60],[60],[62],[62],[62],[62]
850,0,0,0,0,0,0,6,[209],[209],[213],[213],[213],[213]
851,14,6,10,2,14,2,4,"[82, 48, 17, 119, 13, 63, 63, 55, 9, 155, 15, 78, 62, 40, 61]","[82, 65, 12, 138, 11, 85, 199]","[82, 49, 18, 29, 14, 63, 14, 32, 43, 42, 82, 59, 134, 122, 52, 144]","[82, 67, 75]","[82, 49, 18, 29, 14, 63, 14, 17, 9, 40, 17, 103, 64, 39, 37]","[82, 67, 75]"
852,12,10,8,6,12,8,4,"[99, 26, 13, 63, 13, 131, 9, 76, 17, 174, 62, 37, 91]","[99, 77, 12, 115, 11, 82, 68, 128, 10, 45, 76]","[99, 27, 14, 63, 14, 14, 43, 24, 3, 43, 112, 106, 38, 130]","[99, 80, 30, 27, 14, 24, 114, 59, 92]","[99, 27, 14, 63, 14, 19, 9, 15, 19, 78, 64, 38, 37]","[99, 80, 30, 27, 14, 24, 70, 59, 36]"
853,0,0,0,0,0,0,4,[209],[209],[213],[213],[213],[213]
854,0,0,0,0,0,0,6,[60],[60],[62],[62],[62],[62]
855,0,0,0,0,0,0,4,[190],[190],[195],[195],[195],[195]
856,6,6,4,2,6,2,4,"[176, 12, 13, 118, 9, 55, 155]","[176, 50, 10, 149, 11, 57, 89]","[176, 13, 14, 6, 24, 39, 46]","[176, 52, 59]","[176, 13, 14, 6, 10, 39, 37]","[176, 52, 59]"
857,0,0,0,0,0,0,6,[69],[69],[71],[71],[71],[71]
858,0,0,0,0,0,0,6,[61],[61],[63],[63],[63],[63]
859,0,0,0,0,0,0,4,[83],[83],[85],[85],[85],[85]
860,0,0,0,0,0,0,6,[83],[83],[85],[85],[85],[85]
861,0,0,0,0,0,0,6,[70],[70],[72],[72],[72],[72]
862,0,0,0,0,0,0,4,[62],[62],[63],[63],[63],[63]
863,0,0,0,0,0,0,6,[62],[62],[63],[63],[63],[63]
864,0,0,0,0,0,0,4,[65],[65],[67],[67],[67],[67]
865,0,0,0,0,0,0,6,[65],[65],[67],[67],[67],[67]
866,0,0,0,0,0,0,4,[211],[211],[214],[214],[214],[214]
867,0,0,0,0,0,0,4,[185],[185],[187],[187],[187],[187]
868,0,0,0,0,0,0,4,[61],[61],[63],[63],[63],[63]
869,0,0,0,0,0,0,4,[70],[70],[72],[72],[72],[72]
870,4,8,3,4,4,6,4,"[120, 68, 17, 83, 64]","[120, 71, 10, 133, 11, 141, 70, 28, 79]","[120, 69, 18, 59, 11]","[120, 75, 11, 24, 29, 88, 23]","[120, 69, 18, 59, 16]","[120, 75, 11, 24, 18, 88, 9]"
871,0,0,0,0,0,0,4,[69],[69],[71],[71],[71],[71]
872,0,0,0,0,0,0,6,[70],[70],[72],[72],[72],[72]
873,0,0,0,0,0,0,4,[69],[69],[71],[71],[71],[71]
874,0,0,0,0,0,0,4,[70],[70],[72],[72],[72],[72]
875,0,0,0,0,0,0,4,[230],[230],[235],[235],[235],[235]
876,0,0,0,0,0,0,6,[191],[191],[193],[193],[193],[193]
877,0,0,0,0,0,0,6,[70],[70],[72],[72],[72],[72]
878,0,0,0,0,0,0,6,[70],[70],[72],[72],[72],[72]
879,0,0,0,0,0,0,6,[69],[69],[71],[71],[71],[71]
880,0,0,0,0,0,0,4,[168],[168],[171],[171],[171],[171]
881,0,0,0,0,0,0,6,[83],[83],[85],[85],[85],[85]
882,0,0,0,0,0,0,6,[64],[64],[66],[66],[66],[66]
883,0,0,0,0,0,0,6,[65],[65],[67],[67],[67],[67]
884,6,2,2,2,2,2,4,"[176, 65, 18, 86, 14, 47, 15]","[176, 6, 17]","[176, 68, 19]","[176, 8, 11]","[176, 68, 19]","[176, 8, 11]"
885,0,0,0,0,0,0,4,[183],[183],[187],[187],[187],[187]
886,0,0,0,0,0,0,6,[213],[213],[217],[217],[217],[217]
887,0,0,0,0,0,0,6,[61],[61],[63],[63],[63],[63]
888,0,0,0,0,0,0,4,[69],[69],[71],[71],[71],[71]
889,0,0,0,0,0,0,6,[70],[70],[72],[72],[72],[72]
890,0,0,0,0,0,0,6,[206],[206],[211],[211],[211],[211]
891,0,0,0,0,0,0,4,[65],[65],[67],[67],[67],[67]
892,6,6,4,2,6,2,4,"[176, 12, 13, 118, 9, 55, 155]","[176, 50, 10, 149, 11, 57, 89]","[176, 13, 14, 6, 24, 39, 46]","[176, 52, 59]","[176, 13, 14, 6, 10, 39, 37]","[176, 52, 59]"
893,0,0,0,0,0,0,6,[198],[198],[202],[202],[202],[202]
894,0,0,0,0,0,0,4,[54],[54],[55],[55],[55],[55]
895,0,0,0,0,0,0,4,[69],[69],[71],[71],[71],[71]
896,0,0,0,0,0,0,6,[65],[65],[67],[67],[67],[67]
897,0,0,0,0,0,0,6,[70],[70],[72],[72],[72],[72]
898,0,0,0,0,0,0,6,[70],[70],[72],[72],[72],[72]
899,0,0,0,0,0,0,4,[57],[57],[58],[58],[58],[58]
900,0,0,0,0,0,0,4,[65],[65],[67],[67],[67],[67]
901,6,8,4,5,6,8,4,"[176, 14, 15, 120, 11, 26, 124]","[176, 54, 10, 79, 9, 178, 121, 22, 18]","[176, 15, 16, 6, 28, 37, 46]","[176, 58, 11, 3, 27, 92, 39, 43, 61]","[176, 15, 16, 6, 12, 37, 36]","[176, 58, 11, 3, 16, 92, 12, 43, 34]"
902,0,0,0,0,0,0,4,[57],[57],[58],[58],[58],[58]
903,0,0,0,0,0,0,4,[69],[69],[71],[71],[71],[71]
904,0,0,0,0,0,0,6,[64],[64],[66],[66],[66],[66]
905,0,0,0,0,0,0,6,[65],[65],[67],[67],[67],[67]
906,14,6,10,2,14,2,4,"[82, 48, 17, 119, 13, 63, 63, 55, 9, 155, 15, 78, 62, 40, 61]","[82, 65, 12, 138, 11, 85, 199]","[82, 49, 18, 29, 14, 63, 14, 32, 43, 42, 82, 59, 134, 122, 52, 144]","[82, 67, 75]","[82, 49, 18, 29, 14, 63, 14, 17, 9, 40, 17, 103, 64, 39, 37]","[82, 67, 75]"
907,0,0,0,0,0,0,4,[60],[60],[62],[62],[62],[62]
908,0,0,0,0,0,0,4,[65],[65],[67],[67],[67],[67]
909,0,0,0,0,0,0,6,[64],[64],[66],[66],[66],[66]
910,0,0,0,0,0,0,4,[64],[64],[66],[66],[66],[66]
911,0,0,0,0,0,0,4,[64],[64],[66],[66],[66],[66]
912,0,0,0,0,0,0,4,[69],[69],[71],[71],[71],[71]
913,0,0,0,0,0,0,4,[70],[70],[72],[72],[72],[72]
914,0,0,0,0,0,0,4,[150],[150],[152],[152],[152],[152]
915,0,0,0,0,0,0,4,[65],[65],[67],[67],[67],[67]
916,0,0,0,0,0,0,4,[83],[83],[85],[85],[85],[85]
917,4,6,3,7,4,8,4,"[176, 50, 18, 172, 22]","[176, 96, 35, 60, 96, 83, 31]","[176, 52, 19, 55, 39]","[176, 96, 45, 41, 96, 39, 17, 34, 72]","[176, 52, 19, 55, 35]","[176, 96, 45, 41, 96, 39, 17, 34, 28]"
918,0,0,0,0,0,0,6,[65],[65],[67],[67],[67],[67]
919,0,0,0,0,0,0,6,[64],[64],[66],[66],[66],[66]
920,0,0,0,0,0,0,4,[60],[60],[62],[62],[62],[62]
921,0,0,0,0,0,0,4,[60],[60],[62],[62],[62],[62]
922,0,0,0,0,0,0,4,[83],[83],[85],[85],[85],[85]
923,0,0,0,0,0,0,6,[83],[83],[85],[85],[85],[85]
924,0,0,0,0,0,0,6,[70],[70],[72],[72],[72],[72]
925,0,0,0,0,0,0,4,[51],[51],[52],[52],[52],[52]
926,2,8,2,3,2,4,4,"[175, 15, 135]","[175, 55, 10, 124, 9, 141, 121, 56, 77]","[175, 16, 19]","[175, 59, 11, 3, 8]","[175, 16, 19]","[175, 59, 11, 3, 18]"
927,0,0,0,0,0,0,4,[65],[65],[67],[67],[67],[67]
928,0,0,0,0,0,0,4,[62],[62],[63],[63],[63],[63]
929,0,0,0,0,0,0,4,[69],[69],[71],[71],[71],[71]
930,0,0,0,0,0,0,6,[190],[190],[192],[192],[192],[192]
931,0,0,0,0,0,0,4,[69],[69],[71],[71],[71],[71]
932,0,0,0,0,0,0,4,[65],[65],[67],[67],[67],[67]
933,8,8,5,6,8,10,4,"[121, 67, 17, 82, 13, 58, 9, 93, 67]","[121, 70, 10, 133, 11, 141, 70, 28, 78]","[121, 68, 18, 58, 32, 5, 42, 42, 64]","[121, 74, 11, 23, 29, 94, 43, 6, 53, 50, 80]","[121, 68, 18, 58, 14, 5, 10, 42, 41]","[121, 74, 11, 23, 18, 94, 14, 6, 10, 50, 39]"
934,0,0,0,0,0,0,6,[64],[64],[66],[66],[66],[66]
935,14,6,8,2,12,2,4,"[82, 34, 17, 97, 13, 63, 27, 143, 9, 15, 15, 179, 62, 143, 56]","[82, 65, 12, 138, 11, 85, 207]","[82, 35, 18, 30, 14, 63, 57, 30, 24, 120, 39, 84]","[82, 67, 75]","[82, 35, 18, 30, 14, 63, 57, 16, 25, 73, 64, 39, 37]","[82, 67, 75]"
936,0,0,0,0,0,0,6,[69],[69],[71],[71],[71],[71]
937,0,0,0,0,0,0,4,[70],[70],[72],[72],[72],[72]
938,0,0,0,0,0,0,6,[65],[65],[67],[67],[67],[67]
939,0,0,0,0,0,0,4,[70],[70],[72],[72],[72],[72]
940,0,0,0,0,0,0,4,[65],[65],[67],[67],[67],[67]
941,0,0,0,0,0,0,4,[183],[183],[187],[187],[187],[187]
942,0,0,0,0,0,0,6,[54],[54],[55],[55],[55],[55]
943,0,0,0,0,0,0,6,[83],[83],[85],[85],[85],[85]
944,0,0,0,0,0,0,4,[65],[65],[67],[67],[67],[67]
945,0,0,0,0,0,0,4,[200],[200],[204],[204],[204],[204]
946,0,0,0,0,0,0,6,[61],[61],[63],[63],[63],[63]
947,0,0,0,0,0,0,4,[70],[70],[72],[72],[72],[72]
948,0,0,0,0,0,0,4,[61],[61],[63],[63],[63],[63]
949,0,0,0,0,0,0,6,[178],[178],[182],[182],[182],[182]
950,0,0,0,0,0,0,6,[60],[60],[62],[62],[62],[62]
951,0,0,0,0,0,0,6,[65],[65],[67],[67],[67],[67]
952,0,0,0,0,0,0,4,[65],[65],[67],[67],[67],[67]
953,0,0,0,0,0,0,4,[143],[143],[146],[146],[146],[146]
954,0,0,0,0,0,0,4,[230],[230],[235],[235],[235],[235]
955,8,8,5,6,8,10,4,"[121, 67, 17, 82, 13, 58, 9, 93, 67]","[121, 70, 10, 133, 11, 141, 70, 28, 78]","[121, 68, 18, 58, 32, 5, 42, 42, 64]","[121, 74, 11, 23, 29, 94, 43, 6, 53, 50, 80]","[121, 68, 18, 58, 14, 5, 10, 42, 41]","[121, 74, 11, 23, 18, 94, 14, 6, 10, 50, 39]"
956,0,0,0,0,0,0,4,[62],[62],[63],[63],[63],[63]
957,0,0,0,0,0,0,4,[70],[70],[72],[72],[72],[72]
958,0,0,0,0,0,0,6,[70],[70],[72],[72],[72],[72]
959,0,0,0,0,0,0,4,[60],[60],[62],[62],[62],[62]
960,0,0,0,0,0,0,4,[65],[65],[67],[67],[67],[67]
961,0,0,0,0,0,0,4,[83],[83],[85],[85],[85],[85]
962,0,0,0,0,0,0,6,[65],[65],[67],[67],[67],[67]
963,0,0,0,0,0,0,6,[157],[157],[158],[158],[158],[158]
964,0,0,0,0,0,0,4,[68],[68],[70],[70],[70],[70]
965,0,0,0,0,0,0,6,[183],[183],[186],[186],[186],[186]
966,0,0,0,0,0,0,6,[64],[64],[66],[66],[66],[66]
967,0,0,0,0,0,0,4,[83],[83],[85],[85],[85],[85]
968,0,0,0,0,0,0,4,[69],[69],[71],[71],[71],[71]
969,0,0,0,0,0,0,4,[200],[200],[204],[204],[204],[204]
970,0,0,0,0,0,0,6,[60],[60],[62],[62],[62],[62]
971,0,0,0,0,0,0,6,[69],[69],[71],[71],[71],[71]
972,0,0,0,0,0,0,6,[50],[50],[51],[51],[51],[51]
973,0,0,0,0,0,0,4,[68],[68],[70],[70],[70],[70]
974,0,0,0,0,0,0,4,[60],[60],[62],[62],[62],[62]
975,0,0,0,0,0,0,6,[64],[64],[66],[66],[66],[66]
976,2,6,2,2,2,2,6,"[244, 31, 125]","[244, 26, 10, 102, 9, 2, 27]","[244, 33, 32]","[244, 29, 36]","[244, 33, 32]","[244, 29, 36]"
977,0,0,0,0,0,0,6,[60],[60],[62],[62],[62],[62]
978,0,0,0,0,0,0,6,[60],[60],[62],[62],[62],[62]
979,0,0,0,0,0,0,4,[209],[209],[213],[213],[213],[213]
980,0,0,0,0,0,0,6,[226],[226],[229],[229],[229],[229]
981,0,0,0,0,0,0,4,[209],[209],[213],[213],[213],[213]
982,0,0,0,0,0,0,4,[164],[164],[166],[166],[166],[166]
983,0,0,0,0,0,0,6,[64],[64],[66],[66],[66],[66]
984,0,0,0,0,0,0,6,[69],[69],[71],[71],[71],[71]
985,0,0,0,0,0,0,6,[61],[61],[63],[63],[63],[63]
986,0,0,0,0,0,0,6,[222],[222],[225],[225],[225],[225]
987,0,0,0,0,0,0,6,[69],[69],[71],[71],[71],[71]
988,0,0,0,0,0,0,6,[61],[61],[62],[62],[62],[62]
989,0,0,0,0,0,0,4,[168],[168],[171],[171],[171],[171]
990,0,0,0,0,0,0,4,[65],[65],[67],[67],[67],[67]
991,6,6,2,4,2,4,4,"[176, 65, 18, 86, 14, 47, 15]","[176, 94, 5, 30, 94, 84, 10]","[176, 68, 19]","[176, 94, 80, 13, 8, 31]","[176, 68, 19]","[176, 94, 80, 13, 8]"
992,0,0,0,0,0,0,4,[70],[70],[72],[72],[72],[72]
993,0,0,0,0,0,0,6,[220],[220],[224],[224],[224],[224]
994,0,0,0,0,0,0,6,[65],[65],[67],[67],[67],[67]
995,0,0,0,0,0,0,6,[185],[185],[189],[189],[189],[189]
996,0,0,0,0,0,0,6,[64],[64],[66],[66],[66],[66]
997,0,0,0,0,0,0,6,[224],[224],[227],[227],[227],[227]
998,0,0,0,0,0,0,4,[183],[183],[187],[187],[187],[187]
999,0,0,0,0,0,0,4,[61],[61],[63],[63],[63],[63]
